项目编码,项目名称,专业,分包类型,产值
U_ORG_XM_AHWHYJSYY,安徽芜湖皖南医学院弋矶山医院,机电,指定,4518081.96
U_ORG_XM_AHZWCF,安徽忠旺厂房,机电,指定,0
U_ORG_XM_AJXXZSDCBDXMP4BD,埃及新行政首都CBD项目P4标段,机电,指定,0
U_ORG_XM_ASJGS,鞍山市公安局监管场所新建,机电,指定,0
U_ORG_XM_BDFZJXL,北京大学新建附属中学北校区综合教学楼,机电,指定,-99259.55
U_ORG_XM_BDKYL,北京大学教学科研楼,机电,指定,365533.46
U_ORG_XM_BDTSGGZ,北京大学图书馆改造,机电,指定,0
U_ORG_XM_BJAN4D,北京奥南4#地,机电,指定,0
U_ORG_XM_BJAZKYL,北京A座科研楼,机电,指定,0
U_ORG_XM_BJCBDSYJR,北京市CBD核心区Z2b地块商业金融,机电,指定,0
U_ORG_XM_BJDCBGLGKJ,北京东城办公楼改扩建,机电,指定,38215395.39
U_ORG_XM_BJDXHXYEQDL,北京大学化学学院E区大楼,机电,指定,0
U_ORG_XM_BJFSHFZYGY,北京房山华发中央公园,机电,指定,0
U_ORG_XM_BJFSLHXYTJ,北京房山龙湖熙悦天街,机电,指定,0
U_ORG_XM_BJFZDSZX,北京凤展大厦装修工程,机电,指定,0
U_ORG_XM_BJFZKYLJD,北京纺织科研楼实验楼机电,机电,指定,0
U_ORG_XM_BJGAZXGZ,北京港澳中心改造,机电,指定,36335901.4
U_ORG_XM_BJGJKJCBZX,北京国家科技传播中心,机电,指定,9132528.58
U_ORG_XM_BJGLYSQ03_31,北京高丽营三期03-31地块,机电,指定,0
U_ORG_XM_BJGMGYGZ,北京国贸公寓改造,机电,指定,670975.81
U_ORG_XM_BJHLDS,北京华力国际大厦,机电,指定,0
U_ORG_XM_BJHPC,北京和平村,机电,指定,0
U_ORG_XM_BJHQDJQJT,北京环球度假区（集团）,机电,指定,0
U_ORG_XM_BJHQGYDJQ,北京环球度假区,机电,指定,2000000
U_ORG_XM_BJHQNYZX,北京环球能源中心,机电,指定,7458100.06
U_ORG_XM_BJHQZTGY,北京环球主题公园,机电,指定,918534.58
U_ORG_XM_BJHRZGCCZZ,北京怀柔张各长村住宅,机电,指定,9870015.26
U_ORG_XM_BJHSMZXGZ,北京火神庙商业中心改造,机电,指定,0
U_ORG_XM_BJJCBDT,北京精测半导体设备及准分子激光器,机电,指定,0
U_ORG_XM_BJJGMBGLGJ,北京建国门办公楼改建工程,机电,指定,17317909.55
U_ORG_XM_BJKTDX,北京凯特大厦,机电,指定,-16074536.53
U_ORG_XM_BJLZJRSWQ,北京丽泽金融商务区E-13、E-14地块,机电,指定,0
U_ORG_XM_BJLZJRSWQJ,北京丽泽金融商务区E区13、14地块项目[局集团],机电,指定,2616853.26
U_ORG_XM_BJNHHS,北京新机场南航航空食品设施,机电,指定,0
U_ORG_XM_BJODBSMZX,北京欧德宝商贸中心,机电,指定,0
U_ORG_XM_BJPAE05DK,北京平安金融中心E05地块,机电,指定,1454655.48
U_ORG_XM_BJQMCQGZ,北京前门B2B3地块重启后改造工程,机电,指定,0
U_ORG_XM_BJSKWKJD,北京首开万科天地机电,机电,指定,0
U_ORG_XM_BJSMYJSKJ,北京生命科学研究所扩建,机电,指定,1715596.33
U_ORG_XM_BJSYHSYGYCQF,北京顺义后沙峪共有产权房,机电,指定,58127162.39
U_ORG_XM_BJSYMTZ,北京顺义马头庄,机电,指定,1021361.83
U_ORG_XM_BJTGLGZ,北京太古里改造,机电,指定,6128443.23
U_ORG_XM_BJTKSQ,北京泰康之家燕园三期,机电,指定,16973591.45
U_ORG_XM_BJTLDYQ,北京天利德一期厂房,机电,指定,0
U_ORG_XM_BJTZWG,北京通州网络安全技术研发厂房,机电,指定,0
U_ORG_XM_BJWJBGLSQ,北京望京办公楼三期,机电,指定,246383.52
U_ORG_XM_BJWKFCGYJD,北京万科翡翠公园机电,机电,指定,0
U_ORG_XM_BJWKQXS,北京万科七橡墅,机电,指定,0
U_ORG_XM_BJWKWX,北京万科望溪,机电,指定,0
U_ORG_XM_BJWKZYC,北京祥筑万科长阳中央城,机电,指定,0
U_ORG_XM_BJWLCXX,北京未来城学校,机电,指定,0
U_ORG_XM_BJWLCXXZB,北京未来城学校总承包,机电,指定,27392104.19
U_ORG_XM_BJXHBX,北京新华保险大厦改造,机电,指定,0
U_ORG_XM_BJXHFTFKT,北京西华府商办楼通风空调工程,机电,指定,0
U_ORG_XM_BJXJCGL,北京新机场道路及综合管廊,机电,指定,0
U_ORG_XM_BJXSJDAZF,北京香山军队安置房,机电,指定,7560695.82
U_ORG_XM_BJXXCXY,中国电信北京信息科技创新园工程,机电,指定,0
U_ORG_XM_BJXXCXYEQ,中国电信北京信息科技创新园科研数据中心,机电,指定,17772413.16
U_ORG_XM_BJXYDHLWJD,北京新一代互联网云计算产创基地机电,机电,指定,0
U_ORG_XM_BJYABGZX,北京永安宾馆装修,机电,指定,135586.24
U_ORG_XM_BJYCCF,北京盈创2#厂房等5项,机电,指定,0
U_ORG_XM_BJYDHHHLJZL,北京永定河混合垃圾治理,机电,指定,0
U_ORG_XM_BJYYYH,北京远洋瀛海,机电,指定,4258074.37
U_ORG_XM_BJZ12TKJD,北京Z12泰康大厦机电工程,机电,指定,5463215.93
U_ORG_XM_BJZCCF,北京中钞厂房,机电,指定,37280346.06
U_ORG_XM_BJZGYD,北京中国移动博瑞琪大厦装修改造,机电,指定,0
U_ORG_XM_BJZSJD,北京招商嘉铭酒店,机电,指定,0
U_ORG_XM_BJZSJM,北京嘉铭珑原07-01办公商业,机电,指定,0
U_ORG_XM_BJZXZS,北京中芯北方BO2剩余楼层装修,机电,指定,0
U_ORG_XM_BJZYLHC,北京张仪-莲花池π入岳各庄220千伏线路,机电,指定,0
U_ORG_XM_BQDLZCJD,北汽动力总成基地项目（一期）二标段,机电,指定,274032.2
U_ORG_XM_BQSTLGZF,北京顺义新城第4街区保障性住房,机电,指定,12024057.13
U_ORG_XM_BZDERMYY,山东滨州第二人民医院西院区,机电,指定,0
U_ORG_XM_BZGZSYXX,巴中光正实验学校,机电,指定,0
U_ORG_XM_BZSYLXQ,霸州市云庐小区住宅,机电,指定,0
U_ORG_XM_CDCHQSPZZ,成都成华区跳蹬河南路9号新建商品住宅项目一期,机电,指定,0
U_ORG_XM_CDCHQSPZZSQ,成都成华区跳蹬河南路9号新建商品住宅项目三期,机电,指定,0
U_ORG_XM_CDDJBX,成都大家保险金融广场机电,机电,指定,14197084.07
U_ORG_XM_CDDTAZF,成都青白江区大同集中安置房(二期),机电,指定,0
U_ORG_XM_CDDYHQJBZ,成都大运会安居保障EPC,机电,指定,0
U_ORG_XM_CDGJTLGZLZX,成都国际铁路港展览中心,机电,指定,0
U_ORG_XM_CDHJSSJ,成都黄甲尚善居C区,机电,指定,0
U_ORG_XM_CDJDF6DX,成都京东方第6代生产线,机电,指定,0
U_ORG_XM_CDJDFCK,成都京东方第6代柔性AMOLED触控一体化显示器件,机电,指定,3006074.84
U_ORG_XM_CDJDFCKFZ,成都京东方第6代柔性AMOLED触控一体化显示器件（发展）,机电,指定,0
U_ORG_XM_CDJDFGYZX,成都京东方AMOLED工艺技术测试中心,机电,指定,1755063.27
U_ORG_XM_CDJDFJD,成都京东方第6代生产线机电A标段,机电,指定,0
U_ORG_XM_CDJNRCGY,成都金牛人才公寓,机电,指定,0
U_ORG_XM_CDJTWFPPP,成都金堂县五凤镇新型城镇化PPP项目,机电,指定,0
U_ORG_XM_CDJTWFPPPJT,成都金堂县五凤镇新型城镇化PPP（集团）,机电,指定,0
U_ORG_XM_CDJXJC,成都锦绣江城EPC,机电,指定,0
U_ORG_XM_CDLTGC,成都乐天广场,机电,指定,7903398.12
U_ORG_XM_CDPJSQZHT,成都蒲江鹤山街道办社区综合体,机电,指定,0
U_ORG_XM_CDQBJPPPFJ,成都青白江区PPP·房建,机电,指定,0
U_ORG_XM_CDQBJPPPSZ,成都青白江区PPP·市政,机电,指定,0
U_ORG_XM_CDQBJPPPSZFZ,成都青白江区PPP·市政（发展）,机电,指定,0
U_ORG_XM_CDQXYG,成都千行云谷,机电,指定,0
U_ORG_XM_CDSJZAZF,成都青白江区大同集中安置房,机电,指定,0
U_ORG_XM_CDSLZHKF,成都双流TOD综合开发,机电,指定,0
U_ORG_XM_CDTDJD,成都泰达时代中心机电,机电,指定,0
U_ORG_XM_CDTFC,成都江宇天府城,机电,指定,0
U_ORG_XM_CDTHTFLZX,成都泰和泰国际法律服务中心,机电,指定,0
U_ORG_XM_CDWJQBLT,成都温江区BLT,机电,指定,0
U_ORG_XM_CDWJQBLTFZ,成都温江区BLT（发展）,机电,指定,0
U_ORG_XM_CDWJRX,成都温江区蓉西新城新居B区,机电,指定,0
U_ORG_XM_CDXDAZF,成都新都区成青苑及桂荷馨苑小区,机电,指定,0
U_ORG_XM_CDXJYBF,成都新津御宾府,机电,指定,0
U_ORG_XM_CDXXLJEQ,成都香榭林居二期,机电,指定,0
U_ORG_XM_CDYSDC,成都528艺术东村产业展示,机电,指定,0
U_ORG_XM_CDYSW,成都奕斯伟板级封装系统集成电路,机电,指定,0
U_ORG_XM_CDZG,成都紫光存储器制造基地,机电,指定,0
U_ORG_XM_CDZGSF,成都中国商飞民机示范产业园二期,机电,指定,5516547.73
U_ORG_XM_CDZHYHSY,成都中海·御湖世家,机电,指定,0
U_ORG_XM_CDZLLYJY,成都中粮·珑悦锦云,机电,指定,0
U_ORG_XM_CDZYFSYY,成都中医大附属第二医院,机电,指定,0
U_ORG_XM_CDZYFSYYFZ,成都中医大附属第二医院(发展),机电,指定,0
U_ORG_XM_CHOFG,巢湖欧菲光光学光电产业基地建设,机电,指定,0
U_ORG_XM_CPXQGZ,北京大学昌平新校区宿舍楼装修改造,机电,指定,0
U_ORG_XM_CQHFBJSJ,重庆华发·滨江四季,机电,指定,0
U_ORG_XM_CQHXZZ,重庆华熙LIVE·鱼洞住宅,机电,指定,0
U_ORG_XM_CQJDF6AMOLED,重庆京东方第6代AMOLED柔性生产线,机电,指定,169938881.3
U_ORG_XM_CQLJKGWLY,重庆两江空港物流园,机电,指定,0
U_ORG_XM_CQSKHLSEQ,重庆SK海力士二期,机电,指定,0
U_ORG_XM_CQTXEQ,重庆腾讯云计算中心二期,机电,指定,0
U_ORG_XM_CQTXEQXF,重庆腾讯云计算中心二期消防工程,机电,指定,0
U_ORG_XM_CQTXXF,重庆腾讯云计算中心一期消防工程,机电,指定,0
U_ORG_XM_CQTYZX,重庆巴南体育中心,机电,指定,0
U_ORG_XM_CQWSCLC,重庆水土污水处理厂三期扩建,机电,指定,0
U_ORG_XM_CQYCZCZGZN,重庆永川中船重工智能制造产业园,机电,指定,0
U_ORG_XM_CQYDTYG,重庆华熙LIVE·鱼洞体育馆,机电,指定,0
U_ORG_XM_CQYSCN,重庆亚士创能长寿综合制造基地,机电,指定,0
U_ORG_XM_CQYYSZXZ,重庆云阳数智森林小镇产业园区(一期)EPC,机电,指定,0
U_ORG_XM_CYJZQ,北京常营大型居住区三期,机电,指定,0
U_ORG_XM_CYMSHJC,北京朝阳门SOHO中心南区商业加层,机电,指定,0
U_ORG_XM_CYMSOHOSQ,银河搜候中心（朝阳门SOHO三期）,机电,指定,0
U_ORG_XM_CZHK,滁州惠科第8.6代薄膜晶体管液晶显示器件,机电,指定,0
U_ORG_XM_CZQLDXF,常州青龙西路定销房,机电,指定,0
U_ORG_XM_CZXBQZZ,常州市新北区住宅EPC,机电,指定,0
U_ORG_XM_CZXBQZZFZ,常州市新北区住宅EPC(发展),机电,指定,0
U_ORG_XM_D11DTFT_SZHXGD11D,深圳华星光电第11代TFT-LCD及AMOLED新型显示器件,机电,指定,0
U_ORG_XM_DGHWSYS,东莞华为研发实验室一期,机电,指定,0
U_ORG_XM_DGOPPOJD,东莞OPPO滨海湾数据中心机电,机电,指定,6412844.02
U_ORG_XM_DGXTC,东莞小天才生产中心,机电,指定,0
U_ORG_XM_DJYJL,都江堰锦庐-4期房地产开发,机电,指定,0
U_ORG_XM_DLGWJ,大连港湾街二号地块,机电,指定,0
U_ORG_XM_DLXHW,大连星海湾壹号二期,机电,指定,0
U_ORG_XM_DQBYNKDX,大庆市八一农垦大学基础教学实验楼,机电,指定,0
U_ORG_XM_DQYGLQLHJJGC,大庆豫港龙泉铝合金加工材,机电,指定,0
U_ORG_XM_DTZLDSJ,大同中联绿色大数据产业基地,机电,指定,0
U_ORG_XM_DWLZCZF,西大望路政策性住房,机电,指定,0
U_ORG_XM_DXJCZSQAZF,北京大兴国际机场噪声区安置房,机电,指定,77972803.73
U_ORG_XM_DXKAZFJZHZZ,北京东小口安置住房及综合整治,机电,指定,0
U_ORG_XM_DXZBDQ,北京大兴17#地项目（东区）,机电,指定,0
U_ORG_XM_DYDWDYMYY,德阳市人民医院城北第五代医院,机电,指定,0
U_ORG_XM_EEDSYSGD,鄂尔多斯源盛光电第5.5代AM-OLED,机电,指定,0
U_ORG_XM_ELSTLHFCJ,俄罗斯图拉州哈弗发动机车间,机电,指定,0
U_ORG_XM_FJ6AMOLED,福州第6代AMOLED柔性生产线,机电,指定,0
U_ORG_XM_FJJHCCQSCX,福建省晋华集成电路有限公司存储器生产线,机电,指定,41791100.69
U_ORG_XM_FLBMPEGLFXC,菲律宾梅普尔格罗夫新城第一项目,机电,指定,0
U_ORG_XM_FLBXGLLDS,菲律宾香格里拉大厦,机电,指定,0
U_ORG_XM_FNWSCLC,丰宁污水处理厂扩容提标改造及配套管网,机电,指定,0
U_ORG_XM_FSJHGCEQ,佛山捷和广场二期,机电,指定,0
U_ORG_XM_FSJRJRCHY,佛山金融街融辰花园,机电,指定,0
U_ORG_XM_FSJRJSD,佛山金融街顺德陈村,机电,指定,0
U_ORG_XM_FSJRJSS,佛山金融街三水,机电,指定,0
U_ORG_XM_FSJXLJHY,佛山建鑫乐家花园,机电,指定,0
U_ORG_XM_FSLC,佛山绿城,机电,指定,0
U_ORG_XM_FSLQG,佛山国际体育文化演艺中心,机电,指定,0
U_ORG_XM_FSLSHLYZL,佛山市南海区里水河流域治理,机电,指定,0
U_ORG_XM_FSSDGZSYXX,佛山顺德光正实验学校,机电,指定,0
U_ORG_XM_FSSDYXQ,佛山市东亚项目西区EPC,机电,指定,0
U_ORG_XM_FSYCZD,佛山怡翠尊堤嘉园D2区,机电,指定,0
U_ORG_XM_FSYGBJSQGZ,佛山市原干部家属区部分政府旧物业修缮改造,机电,指定,0
U_ORG_XM_FXMNWGQ,复兴门内危改区4·2号地项目空调系统工程,机电,指定,0
U_ORG_XM_FZJDF,福州第8.5代新型半导体显示器件生产线,机电,指定,0
U_ORG_XM_FZJDFJD,福州第8.5代新型半导体显示器件生产线机电,机电,指定,0
U_ORG_XM_GCBS38DK,北京观承别墅03-38地块二标段,机电,指定,0
U_ORG_XM_GDGSZYXY,广东工商职业学院体育馆·图书馆,机电,指定,0
U_ORG_XM_GDHYAL,广东阿里巴巴云计算数据中心河源源城区项目,机电,指定,0
U_ORG_XM_GDHYALEQ,广东阿里巴巴云计算数据中心河源源城区二期项目,机电,指定,0
U_ORG_XM_GDHYJDEQ,广东阿里巴巴云计算数据中心河源江东二期,机电,指定,0
U_ORG_XM_GDHYSQ,广东阿里巴巴云计算数据中心河源源城区三期项目,机电,指定,0
U_ORG_XM_GDHYSQJD,广东阿里巴巴云计算数据中心河源源城区三期机电,机电,指定,25843008.08
U_ORG_XM_GJNYQXZX,国际农业科技创新中心,机电,指定,0
U_ORG_XM_GMDLGZ,北京国贸东楼改造及交通一体化,机电,指定,0
U_ORG_XM_GMSQB,北京中国国际贸易中心三期B阶段工程,机电,指定,0
U_ORG_XM_GRGCJD,北京国锐广场机电,机电,指定,0
U_ORG_XM_GSQYZDYQ,甘肃庆阳正大一期,机电,指定,0
U_ORG_XM_GXNNDXCFJF,广西南宁电信东盟信息园动力中心柴发机房,机电,指定,0
U_ORG_XM_GYHYZCF,中建（天津）工业化建筑公司预制厂房,机电,指定,0
U_ORG_XM_GYSGZFYYYJD,贵阳市贵州妇女儿童国际医院机电,机电,指定,123303.21
U_ORG_XM_GYWK,贵阳万科劲嘉大都会商业综合体,机电,指定,0
U_ORG_XM_GZALBB,广州阿里巴巴华南运营中心,机电,指定,1770820.1
U_ORG_XM_GZBLSYL,广州保利三元里,机电,指定,19131.49
U_ORG_XM_GZBYHYC,广州黄石路白云汇广场影城,机电,指定,0
U_ORG_XM_GZCSJ,广州超视堺第10.5代TFT-LCD显示器件生产线,机电,指定,0
U_ORG_XM_GZCSJFZ,广州超视堺第10.5代TFT-LCD显示器件生产线（发展）,机电,指定,3715137.42
U_ORG_XM_GZKNBLC,广州第10.5代TFT-LCD显示器生产线玻璃工厂建设,机电,指定,0
U_ORG_XM_GZLGDDGC,广州LG-Display-D工程,机电,指定,0
U_ORG_XM_GZLGGP3,广州LG Display GP3,机电,指定,0
U_ORG_XM_GZPY,广州金融街番禺市桥,机电,指定,0
U_ORG_XM_GZWXN,广州维信诺第6代柔性AMOLED模组生产线,机电,指定,0
U_ORG_XM_GZWXNJD,广州维信诺第6代柔性AMOLED模组生产线机电,机电,指定,1955834.79
U_ORG_XM_GZXYNBDT,广州芯粤能半导体,机电,指定,0
U_ORG_XM_GZYLSQ,广州养老社区项目示范区工程,机电,指定,0
U_ORG_XM_GZYXBDT,广州粤芯半导体,机电,指定,-1308449.67
U_ORG_XM_HAXJCF,淮安第三园区新建厂房,机电,指定,0
U_ORG_XM_HBGAYG,河北固安第6代有源矩阵AMOLED面板生产线,机电,指定,0
U_ORG_XM_HBGAYGFZ,河北固安第6代有源矩阵AMOLED面板生产线（发展）,机电,指定,0
U_ORG_XM_HBGAZSJD,河北固安第6代有源矩阵AMOLED面板生产线装饰机电,机电,指定,0
U_ORG_XM_HBXYZDYQ,湖北襄阳正大一期,机电,指定,0
U_ORG_XM_HEBHRHLS,哈尔滨华润·欢乐颂,机电,指定,0
U_ORG_XM_HEBHRXFL,哈尔滨华润·幸福里,机电,指定,0
U_ORG_XM_HEBSZCYY,哈尔滨深圳产业园科创总部,机电,指定,2906867.78
U_ORG_XM_HEBZGBY,哈尔滨中国北药智慧产业新城A1地块,机电,指定,0
U_ORG_XM_HFCX,合肥长鑫12吋存储器晶圆制造基地项目一期改扩建,机电,指定,0
U_ORG_XM_HFDC,合肥鼎材新型显示配套高端电子材料生产基地,机电,指定,0
U_ORG_XM_HFJDFSDWD,合肥京东方第10.5代薄膜晶体管液晶显示器件（TFT-LCD）,机电,指定,152722550.5
U_ORG_XM_HFJHTJ,合肥晶合二厂厂务及配套项目L40土建,机电,指定,0
U_ORG_XM_HFLXYFJD,合肥联想研发基地,机电,指定,0
U_ORG_XM_HFSY,合肥视涯OLED微型显示器件厂,机电,指定,0
U_ORG_XM_HFV3,合肥维信诺第六代AMOLED生产线,机电,指定,0
U_ORG_XM_HFV3FZ,合肥维信诺第六代AMOLED生产线（发展）,机电,指定,0
U_ORG_XM_HFYJCLCJ,合肥邮件处理车间,机电,指定,0
U_ORG_XM_HFYJCLCJFZ,合肥邮件处理车间（发展）,机电,指定,0
U_ORG_XM_HFZJCF,合肥整机智能制造生产线,机电,指定,0
U_ORG_XM_HHHTKDJD,呼和浩特凯德广场·诺和木勒改造项目机电,机电,指定,0
U_ORG_XM_HJDYH,北京花家地一号,机电,指定,0
U_ORG_XM_HJJYSSZYYZX,上海黄金交易所深圳运营中心,机电,指定,0
U_ORG_XM_HKKGBSQ,海口空港综合保税区监管设施,机电,指定,0
U_ORG_XM_HKT,海口塔,机电,指定,0
U_ORG_XM_HKTSZ,海口塔南塔试桩工程,机电,指定,0
U_ORG_XM_HKYSDEQ,北京鸿坤云时代二期,机电,指定,0
U_ORG_XM_HMHT,后帽胡同23号翻、扩建工程,机电,指定,0
U_ORG_XM_HNAYZZC,河南安阳内黄正大一期,机电,指定,0
U_ORG_XM_HNRCJFGZ,北京华能人才基地B栋实验楼数据机房改造,机电,指定,0
U_ORG_XM_HNTZDS,北京湖南投资大厦,机电,指定,0
U_ORG_XM_HNWYBWH,河南舞阳北外环,机电,指定,0
U_ORG_XM_HNXYSWBG,河南新乡中蓝商务地块自持办公,机电,指定,0
U_ORG_XM_HNYGDSJ,淮南云谷大数据产业园(B地块),机电,指定,0
U_ORG_XM_HSQY,呼和浩特群众艺术馆,机电,指定,0
U_ORG_XM_HTDXJSSS,北京航天工程大学军事设施建设,机电,指定,0
U_ORG_XM_HXGDAZB,华星光电第8.5代TFT-LCD A标段施工总承包,机电,指定,0
U_ORG_XM_HXGDAZBJD,华星光电第8.5代TFT-LCD（综合）,机电,指定,0
U_ORG_XM_HZALYZB,杭州阿里云计算公司总部,机电,指定,125479749.5
U_ORG_XM_HZCNYG,杭州菜鸟西湖云谷产业园,机电,指定,0
U_ORG_XM_HZDTSHX,杭州地铁3号线一期工程星桥车辆段,机电,指定,0
U_ORG_XM_HZHKGD,杭州海康高端安防产品及红外传感芯片研发、产业化,机电,指定,0
U_ORG_XM_HZHKWSSQ,杭州海康威视智能安检产品产业化基地,机电,指定,0
U_ORG_XM_HZHPDX,杭州湖畔大学,机电,指定,0
U_ORG_XM_HZLXYTC,杭州理想银泰城,机电,指定,0
U_ORG_XM_HZRHALY,杭州仁和阿里云计算数据中心,机电,指定,0
U_ORG_XM_HZXLW,广东惠州金融街巽寮湾海世界,机电,指定,0
U_ORG_XM_HZZX,杭州中芯晶圆半导体股份有限公司半导体大硅片（200mm、300mm）,机电,指定,0
U_ORG_XM_JCGJD,晋城光机电产业园一期项目EPC总承包,机电,指定,0
U_ORG_XM_JJHCZGCGZ,九江火车站广场及滨江路改造,机电,指定,0
U_ORG_XM_JJXJKSLYQ,九江新建快速路一期,机电,指定,0
U_ORG_XM_JL43015GC,吉林省43015-3EPC,机电,指定,0
U_ORG_XM_JLMHKKMWLY,吉林梅河口康美医疗健康中心物流园,机电,指定,0
U_ORG_XM_JLMHKKMYLY,吉林梅河口康美医疗健康中心医疗园,机电,指定,0
U_ORG_XM_JLMHKKMYYY,吉林梅河口康美医疗健康中心医养园,机电,指定,32393.72
U_ORG_XM_JMHFSJ,江门华发四季,机电,指定,0
U_ORG_XM_JRJAG,金融街A5改扩建,机电,指定,0
U_ORG_XM_JRJHZQ,广州金融街海珠区石岗路,机电,指定,0
U_ORG_XM_JRJYTZX,北京金融街（月坛）中心,机电,指定,0
U_ORG_XM_JSLYSDSQ,江苏先进动力电池产业化项目（二期）一标段,机电,指定,0
U_ORG_XM_JSXHLZX,嘉兴市嘉善县健康护理中心,机电,指定,0
U_ORG_XM_JSZJLXCF,江苏镇江力信锂电池研发及产业化工程,机电,指定,0
U_ORG_XM_JXGQGC,嘉兴港区滨海中央广场项目二期EPC,机电,指定,0
U_ORG_XM_JXJSSDY,嘉兴市嘉善善东苑公寓房,机电,指定,0
U_ORG_XM_JXSWZX,北京京西商务中心（西区）商业金融用地,机电,指定,0
U_ORG_XM_JXWHZX,嘉兴市文化艺术中心,机电,指定,53078693.32
U_ORG_XM_JXWLCC,嘉兴综合保税区物流仓储,机电,指定,0
U_ORG_XM_JXYL,北京绿城西山燕庐,机电,指定,0
U_ORG_XM_JYWKC,金隅万科城A1地块综合体,机电,指定,0
U_ORG_XM_KSLFGD,昆山龙飞光电有限公司厂房一期土建工程,机电,指定,0
U_ORG_XM_KSYDGJ,昆山友达L6K厂房改建,机电,指定,0
U_ORG_XM_LFYQWK,廊坊永清紫晶翡丽,机电,指定,0
U_ORG_XM_LGYZZSPF,北京来广营北路自住型商品房,机电,指定,0
U_ORG_XM_LNTSLGC,辽宁天士力现代中药示范工厂,机电,指定,0
U_ORG_XM_LNTSLSRGZ,辽宁天士力参茸厂区改造,机电,指定,0
U_ORG_XM_LXHGZ,北京利星行中心改造,机电,指定,199439.91
U_ORG_XM_LXHZX,北京利星行中心(文化交流中心),机电,指定,0
U_ORG_XM_LXHZXEQ,北京利星行中心二期,机电,指定,0
U_ORG_XM_LXZBEQ,北京联想总部园区二期,机电,指定,-16374257.55
U_ORG_XM_LXZBYQ,北京联想总部园区一期,机电,指定,0
U_ORG_XM_LYSTYLJLH,洛阳隋唐园立交亮化,机电,指定,0
U_ORG_XM_LYSTYLJLHJT,洛阳隋唐园立交亮化(集团),机电,指定,0
U_ORG_XM_LYZDYQ,洛阳正大一期,机电,指定,0
U_ORG_XM_LZSOHOJD,北京丽泽soho机电,机电,指定,0
U_ORG_XM_MSKHMY,莫斯科中国贸易中心,机电,指定,3117536.67
U_ORG_XM_MTGBL,北京门头沟保利首开自住房,机电,指定,0
U_ORG_XM_MTGBLXX,北京门头沟保利小学,机电,指定,0
U_ORG_XM_MYJDF,绵阳京东方第6代AMOLED柔性生产线,机电,指定,28239103.52
U_ORG_XM_MYWSCLC,绵阳永兴污水处理厂扩建,机电,指定,0
U_ORG_XM_MYZXXZ,绵阳市中心血站迁建,机电,指定,0
U_ORG_XM_MYZZ,北京密云项目住宅,机电,指定,0
U_ORG_XM_NCGXWDZ,南昌高新微电子科技园,机电,指定,0
U_ORG_XM_NCJKQJD,南昌经开区LED电子信息孵化示范基地机电,机电,指定,0
U_ORG_XM_NCSSMZXJD,南昌市市民中心建设工程机电,机电,指定,74805944.03
U_ORG_XM_NGZCXQ,北京石景山区南宫住宅小区,机电,指定,0
U_ORG_XM_NJHSXFDJC,南京华夏幸福大校场项目G地块,机电,指定,0
U_ORG_XM_NJHXC,南京海峡城E地块住宅,机电,指定,0
U_ORG_XM_NJKGZNGGW,南京空港智能骨干网,机电,指定,0
U_ORG_XM_NJTJD,南京台积电12吋晶圆厂与设计服务中心一期,机电,指定,0
U_ORG_XM_NJTS,南京腾讯华东云计算基地,机电,指定,0
U_ORG_XM_NJYZJG29DK,南京燕子矶G29B地块,机电,指定,13687354.41
U_ORG_XM_NJZGJCDLJD,南京紫光集成电路基地,机电,指定,0
U_ORG_XM_NTALYJS,南通阿里云计算数据中心,机电,指定,16513761.58
U_ORG_XM_NTJH,南通江海阿里云计算数据中心,机电,指定,0
U_ORG_XM_NTJSY,南通金属园阿里云计算数据中心,机电,指定,0
U_ORG_XM_NTRCGSD1,通锡高速公路海门至通州段TXGS-LJ3项目部第1分部,机电,指定,0
U_ORG_XM_NTRCGSD2,通锡高速公路海门至通州段TXGS-LJ3项目部第2分部,机电,指定,0
U_ORG_XM_NTRCGSD3,通锡高速公路海门至通州段TXGS-LJ3项目部第3分部,机电,指定,0
U_ORG_XM_NTRCGSZHB,通锡高速公路海门至通州段TXGS-LJ3,机电,指定,0
U_ORG_XM_PAGJJRZX,深圳平安国际金融中心（局集团）,机电,指定,17233154.65
U_ORG_XM_PAJRZXNT,深圳平安金融中心南塔,机电,指定,0
U_ORG_XM_PJZW,盘锦忠旺铝业一期一标段A区,机电,指定,0
U_ORG_XM_QBJWTZX,成都青白江区文化体育中心,机电,指定,0
U_ORG_XM_QBJZHDD,成都青白江区智慧大道,机电,指定,0
U_ORG_XM_QDHFSJ,青岛华发四季,机电,指定,0
U_ORG_XM_QDHNJD,青岛华能信息产业基地机电,机电,指定,576887.7
U_ORG_XM_QDTKZJ,青岛泰康之家养老,机电,指定,0
U_ORG_XM_QDWKFCZJ,青岛万科翡翠长江,机电,指定,0
U_ORG_XM_QDYGYH,青岛阳光·壹号,机电,指定,0
U_ORG_XM_QHBT,北京清华大学北体育馆,机电,指定,26215524.38
U_ORG_XM_QHDLDBDT,秦皇岛礼鼎高端集成电路封装载板智能制造基地,机电,指定,0
U_ORG_XM_QHSSM,北京清华大学苏世民书院,机电,指定,0
U_ORG_XM_QZSABDT,泉州三安半导体研发与产业化,机电,指定,0
U_ORG_XM_RHALYEQ,杭州仁和阿里云计算数据中心二期,机电,指定,0
U_ORG_XM_RHYY,北京市仁和医院二期,机电,指定,0
U_ORG_XM_RJZX,北京如家北纬路店装修,机电,指定,0
U_ORG_XM_SCGAFY,四川广安富盈洋房及商业,机电,指定,0
U_ORG_XM_SCGAJDGZ,四川广安富盈酒店机电改造,机电,指定,0
U_ORG_XM_SCGCCYY,四川国际创新设计产业园A地块,机电,指定,0
U_ORG_XM_SCTKXNYY,四川泰康西南医院,机电,指定,0
U_ORG_XM_SDBZZYY,山东滨州中医医院新院,机电,指定,0
U_ORG_XM_SDJCGZ,北京首都机场2号航站楼改造,机电,指定,0
U_ORG_XM_SDRCGEJD,山东荣成歌尔电子4#厂房、2#动力中心机电,机电,指定,4503518.86
U_ORG_XM_SDYKDKYL,北京首都医科大学临床科研楼改造,机电,指定,0
U_ORG_XM_SHGBSH,上海古北SOHO机电工程,机电,指定,0
U_ORG_XM_SHGH,上海国浩长风城二期东地块综合体,机电,指定,0
U_ORG_XM_SHGKBDT,上海格科半导体,机电,指定,0
U_ORG_XM_SHPDAZF1101,上海浦东新区安置房11-01地块,机电,指定,7916907.46
U_ORG_XM_SHPDEQ,上海浦东新区安置房二期,机电,指定,0
U_ORG_XM_SHTKSYGZ,上海泰康申园一期改造,机电,指定,0
U_ORG_XM_SHTXGKJCF,上海腾讯改扩建厂房,机电,指定,0
U_ORG_XM_SHTY,上海天岳碳化硅半导体材料,机电,指定,0
U_ORG_XM_SHWDNZJD,上海万科南站商务城三期机电,机电,指定,5563242.66
U_ORG_XM_SHWKXMJD,上海万科莘闵综合机电,机电,指定,397918.53
U_ORG_XM_SHXYDJD,上海商汤科技新一代人工智能计算和赋能平台机电,机电,指定,12847767.01
U_ORG_XM_SJZXJD,北京数据港1号数据中心机电,机电,指定,11699691.94
U_ORG_XM_SKWKZX,北京首开万科中心,机电,指定,0
U_ORG_XM_SMDLGZ,北京生命科学实验室改造,机电,指定,0
U_ORG_XM_SMKYDL,北京生命科学科研大楼,机电,指定,0
U_ORG_XM_SRHXLIVEXJYQ,上饶华熙Live·信江一期,机电,指定,0
U_ORG_XM_SXDTZDYQ,山西大同正大一期,机电,指定,0
U_ORG_XM_SXQQJD,绍兴钱清B地块商业机电,机电,指定,0
U_ORG_XM_SXWNZDYQ,陕西渭南澄城正大一期,机电,指定,0
U_ORG_XM_SYFDSJC,沈阳方大·世纪城 01-C 医养项目三标段,机电,指定,0
U_ORG_XM_SYHTWWLJD,三亚海棠湾国际购物中心物流基地,机电,指定,0
U_ORG_XM_SYHXD,三亚海棠湾河心岛,机电,指定,0
U_ORG_XM_SYJLDK,沈阳市沈河区金廊22-1地块,机电,指定,4626856.29
U_ORG_XM_SYJLSY,沈阳嘉里A2地块商业,机电,指定,0
U_ORG_XM_SYJLZX,沈阳嘉里中心T1及T4楼,机电,指定,0
U_ORG_XM_SYJLZXBDK,沈阳嘉里中心B地块3a1、3a2期,机电,指定,0
U_ORG_XM_SYJLZXJD,沈阳嘉里中心居住商业（C地块）机电工程,机电,指定,0
U_ORG_XM_SYJLZXJDJJT,沈阳嘉里中心居住商业（C地块）机电工程（局集团）,机电,指定,0
U_ORG_XM_SYJLZXT,沈阳嘉里中心A2地块T2办公楼总承包工程,机电,指定,0
U_ORG_XM_SYJYJD,三亚海棠湾君悦酒店,机电,指定,0
U_ORG_XM_SYLCQYCSQ,沈阳绿城全运村四期,机电,指定,0
U_ORG_XM_SYSKRY,沈阳首开如院,机电,指定,1716933.93
U_ORG_XM_SYSNYG,沈阳苏宁电子商务运营中心(一期),机电,指定,0
U_ORG_XM_SYTK,沈阳泰康之家沈园,机电,指定,0
U_ORG_XM_SYXCD13JQ,北京顺义新城第13街区居住区,机电,指定,0
U_ORG_XM_SYXSWSQ,沈阳华润橡树湾4期,机电,指定,0
U_ORG_XM_SYZHHPZM,沈阳中海和平之门5.1期,机电,指定,0
U_ORG_XM_SYZHSYEQ,沈阳中海商业二期,机电,指定,0
U_ORG_XM_SYZJCLY,沈阳中集车辆园,机电,指定,0
U_ORG_XM_SZDSDS,深圳达实大厦改扩建,机电,指定,0
U_ORG_XM_SZDXXLXQ,深圳大学西丽校区,机电,指定,8927321.45
U_ORG_XM_SZGJYSBLJYZB,深圳至正大厦,机电,指定,0
U_ORG_XM_SZGMQJRJ,深圳光明区金融街,机电,指定,0
U_ORG_XM_SZHXDZQZ,深圳华星光电第11代大宗气体站,机电,指定,0
U_ORG_XM_SZJCBZZ,深圳机场调蓄池泵闸站,机电,指定,0
U_ORG_XM_SZJCKFQ,深圳机场开发区西区,机电,指定,0
U_ORG_XM_SZJLSWZX,深圳嘉里商务中心,机电,指定,114523853.2
U_ORG_XM_SZJLSWZXYQ,深圳嘉里商务中心（一期）,机电,指定,0
U_ORG_XM_SZJSDX,深圳技术大学建设项目（一期）,机电,指定,0
U_ORG_XM_SZLDBDT,深圳礼鼎高端集成电路载板及先进封装基地,机电,指定,0
U_ORG_XM_SZLHTJWQJD,苏州龙湖天街五期机电总包,机电,指定,2824.78
U_ORG_XM_SZLXCXY,深圳联想创新科技园综合机电,机电,指定,77708427.17
U_ORG_XM_SZNSZD,深圳南山中国电子科技园,机电,指定,0
U_ORG_XM_SZPACXDS,深圳平安财险大厦,机电,指定,0
U_ORG_XM_SZPAGJJRZX,深圳平安国际金融中心,机电,指定,0
U_ORG_XM_SZPDSDDSJD,深圳鹏鼎时代大厦机电,机电,指定,4440905.11
U_ORG_XM_SZQHJLSQ,深圳嘉里商务中心(三期),机电,指定,2538532.13
U_ORG_XM_SZQHSDYXZ,深圳前海十单元3小镇,机电,指定,0
U_ORG_XM_SZQWXXSNZX,深圳前湾信息枢纽中心,机电,指定,0
U_ORG_XM_SZRYJD,深圳柔宇国际柔性显示产业园机电,机电,指定,372018.59
U_ORG_XM_SZSCSWDS,深圳首创商务大厦,机电,指定,0
U_ORG_XM_SZSCZX,深圳市创新创业无障碍服务中心,机电,指定,0
U_ORG_XM_SZSMYF,深圳水木一方大厦,机电,指定,0
U_ORG_XM_SZSSGL,深圳石厦村综合管廊,机电,指定,0
U_ORG_XM_SZTK,苏州泰康之家31703地块,机电,指定,0
U_ORG_XM_SZWXGY,苏州文星公寓扩建项目（二标段）,机电,指定,0
U_ORG_XM_SZXGDX,深圳香港中文大学二期II标,机电,指定,3366412.61
U_ORG_XM_SZXL,深圳西丽高尔夫球俱乐部员工宿舍,机电,指定,0
U_ORG_XM_SZXMGJZB,深圳小米国际总部,机电,指定,0
U_ORG_XM_SZYBXQ,深圳职业技术学院北校区,机电,指定,2080443.78
U_ORG_XM_SZYCC,深圳悦彩城,机电,指定,0
U_ORG_XM_SZYCGSHLZ,苏州虞城(姑苏)±800千伏换流站土建C包,机电,指定,0
U_ORG_XM_SZYHDSJD,深圳宇宏大厦机电,机电,指定,4284633.03
U_ORG_XM_SZYLXDXQ,深圳职业技术学院留仙洞校区,机电,指定,2918468.49
U_ORG_XM_SZYXSGYCJ,深圳职业技术学院学生公寓拆建,机电,指定,0
U_ORG_XM_TH008,北京台湖公园里008地块,机电,指定,0
U_ORG_XM_TJBNW,天津宁宇家园二期,机电,指定,0
U_ORG_XM_TJDTQHX,天津地铁7号线一期工程PPP项目土建10标段,机电,指定,0
U_ORG_XM_TJDYC,天津大悦城B地块办公楼,机电,指定,0
U_ORG_XM_TJJHS,天津金海墅,机电,指定,0
U_ORG_XM_TJJLZX,天津嘉里中心,机电,指定,0
U_ORG_XM_TJJRJ,天津金融街（和平）中心,机电,指定,0
U_ORG_XM_TJJRJBHRY,天津金融街滨海融御,机电,指定,0
U_ORG_XM_TJJRJDLH,天津金融街东丽湖一期及展示区,机电,指定,4439735.43
U_ORG_XM_TJJT,天津津塔项目经理部,机电,指定,0
U_ORG_XM_TJJTDS,天津金唐大厦,机电,指定,0
U_ORG_XM_TJLWL,天津中粮大道一期E地块(祥云名苑),机电,指定,0
U_ORG_XM_TJNKXX,天津海河教育园区南开学校,机电,指定,0
U_ORG_XM_TJQYC,天津全运村,机电,指定,0
U_ORG_XM_TJQYCDJXM,天津全运村代建东区小学幼儿园邻里中心,机电,指定,0
U_ORG_XM_TJSCZBZ,天津首创中北镇,机电,指定,0
U_ORG_XM_TJSYQ,天津天碱商业区14#地,机电,指定,0
U_ORG_XM_TJTHC,天津天河城购物中心,机电,指定,19606137.13
U_ORG_XM_TJTYDQ,天津通用电气医疗系统生产基地,机电,指定,0
U_ORG_XM_TJTYHHYQ,天津天阅海河一期,机电,指定,0
U_ORG_XM_TJWQDK,天津武清080地块,机电,指定,0
U_ORG_XM_TJYGJDY,天津阳光晶典苑,机电,指定,0
U_ORG_XM_TJYJPJRQ,天津于家堡金融区3-16地块,机电,指定,0
U_ORG_XM_TJYYDS,天津远洋大厦二期工程,机电,指定,0
U_ORG_XM_TJZBZJGQ,天津中北镇居住区G区,机电,指定,1002388.46
U_ORG_XM_TJZLDDDDKJZ,天津中粮大道一期D地块精装,机电,指定,0
U_ORG_XM_TJZX,天津中芯P3厂房,机电,指定,0
U_ORG_XM_TKSJYLSQ,上海泰康松江养老社区08地块,机电,指定,0
U_ORG_XM_TRDERMYYJD,铜仁第二人民医院机电,机电,指定,0
U_ORG_XM_TSXSW,唐山橡树湾,机电,指定,0
U_ORG_XM_TTTGHHY,天津天通泰观湖花园,机电,指定,0
U_ORG_XM_TTTKJY,北京天通泰中以文化数码科技园,机电,指定,0
U_ORG_XM_TXBHDAJDJT,深圳腾讯滨海大厦项目机电专业分包（局集团）,机电,指定,0
U_ORG_XM_TXBHDXJD,深圳腾讯滨海大厦项目机电专业分包,机电,指定,0
U_ORG_XM_TZHXQ,北京通州核心区运河项目Ⅱ-05地块,机电,指定,2518483.31
U_ORG_XM_TZWKZX,北京天竺万科中心,机电,指定,0
U_ORG_XM_WFBSQCFJD,潍坊歌尔电子保税区9#厂房机电,机电,指定,0
U_ORG_XM_WFYLJMSQ,潍坊怡力精密四期1#2#厂房机电,机电,指定,0
U_ORG_XM_WHHXGD,武汉华星光电t3,机电,指定,44996902.65
U_ORG_XM_WHHXGDT4,武汉华星光电t4,机电,指定,0
U_ORG_XM_WHHXGDTJDAB,武汉华星光电t4机电A包,机电,指定,0
U_ORG_XM_WHJDF,武汉高世代薄膜晶体管液晶显示器件(TFT-LCD)生产线,机电,指定,5119768.12
U_ORG_XM_WHSZSSZB,芜湖三只松鼠研发运营中心,机电,指定,0
U_ORG_XM_WHTKCY,武汉泰康之家·楚园,机电,指定,0
U_ORG_XM_WHWKCYTD,北京五和万科长阳天地,机电,指定,0
U_ORG_XM_WHXX,武汉新芯OS4F装修,机电,指定,0
U_ORG_XM_WHZHTF,武汉中国特种飞行器研发中心,机电,指定,0
U_ORG_XM_WJBGLEQ,望京办公楼二期,机电,指定,-984654.33
U_ORG_XM_WJSHZX,北京望京SOHO中心,机电,指定,0
U_ORG_XM_WKCYWYCZZX,北京祥筑万科长阳文娱创作中心,机电,指定,0
U_ORG_XM_WKFCYT,北京万科翡翠云图,机电,指定,0
U_ORG_XM_WKSBSYDZX,五棵松冰上运动中心,机电,指定,1935597.74
U_ORG_XM_WKSLQGY,北京五棵松篮球公园施工,机电,指定,0
U_ORG_XM_WKSZHL,北京五棵松文化体育中心配套综合楼,机电,指定,0
U_ORG_XM_WLCBALYJS,乌兰察布阿里云计算数据中心,机电,指定,0
U_ORG_XM_WLCBKS,乌兰察布快手智能云数据中心,机电,指定,0
U_ORG_XM_WLCBYJSJD,乌兰察布阿里云计算数据中心机电设备安装工程,机电,指定,6038233.95
U_ORG_XM_WRKTDSF,深圳微软科通大厦[发展],机电,指定,0
U_ORG_XM_WRKTDX,深圳微软科通大厦,机电,指定,0
U_ORG_XM_WTDSXD,天津万通大厦（信达二期）,机电,指定,0
U_ORG_XM_WXGLJRDS,无锡国联金融大厦,机电,指定,0
U_ORG_XM_WXHFZNZSCDKZZ,无锡华发中南装饰城地块住宅,机电,指定,20927730.85
U_ORG_XM_WXHK,无锡鸿坤理想湾,机电,指定,0
U_ORG_XM_WXHL2Z,无锡恒隆广场办公楼2座,机电,指定,26047326.57
U_ORG_XM_WXHLGC,无锡恒隆广场综合发展,机电,指定,0
U_ORG_XM_WXHLGCBGL,无锡恒隆广场办公楼2座保护工程,机电,指定,0
U_ORG_XM_WXJRG,无锡河埒金融商务港,机电,指定,0
U_ORG_XM_WXOPN,无锡欧谱纳轻型燃气机制造,机电,指定,0
U_ORG_XM_WXSHCZBEDK,无锡市综合交通枢纽项目,机电,指定,0
U_ORG_XM_WXSKHLSKJ,无锡SK海力士厂房扩建,机电,指定,0
U_ORG_XM_WXSSMZX,无锡市市民中心项目工程指挥部,机电,指定,0
U_ORG_XM_WXXZBDT,无锡芯卓半导体产业化建设,机电,指定,0
U_ORG_XM_WXZGCRJYEQ,无锡中关村软件园太湖分园二期,机电,指定,0
U_ORG_XM_WXZGCZZ,无锡中关村软件园住宅,机电,指定,0
U_ORG_XM_XALXHJD,西安利星行酒店,机电,指定,7880827.93
U_ORG_XM_XARCWSZZ,容城县农村生活污水综合整治项目（EPC）一标,机电,指定,0
U_ORG_XM_XASXBDTRQUT,西安三星半导体二期UT栋,机电,指定,32085784.97
U_ORG_XM_XASXCF,西安三星半导体FAB厂房,机电,指定,0
U_ORG_XM_XAXQRDPQ,河北建投雄安·金湖未来城项目一第二标段,机电,指定,29206133.75
U_ORG_XM_XAYLAZF,西安阎良三四七区安置房,机电,指定,0
U_ORG_XM_XAYSWCYJD,西安奕斯伟硅产业基地,机电,指定,0
U_ORG_XM_XAZSSGX,雄安高铁站片区外部输水管线,机电,指定,0
U_ORG_XM_XCQ9HZCB,北京西城区金融大街9号商业办公扩建（总承包）,机电,指定,0
U_ORG_XM_XDWLEQ,北京西大望路二期,机电,指定,1745206.32
U_ORG_XM_XGLSYJR,北京霞光里5号、6号商业金融,机电,指定,12652971.41
U_ORG_XM_XJCAZF,北京新机场安置房,机电,指定,0
U_ORG_XM_XJCXXZX,北京新机场信息中心,机电,指定,0
U_ORG_XM_XJK1H,北京新街口1号工程,机电,指定,9384365.35
U_ORG_XM_XMTBSCX,厦门天马显示科技有限公司第6代柔性AMOLED生产线,机电,指定,0
U_ORG_XM_XZMGZ,北京西直门南小街115号综合维修改造,机电,指定,0
U_ORG_XM_XZWKFCZGJD,徐州万科翡翠之光机电,机电,指定,0
U_ORG_XM_XZWKTSLJD,徐州万科铜山路项目A地块商业机电,机电,指定,0
U_ORG_XM_XZYLH,徐州云龙湖悦府三期,机电,指定,0
U_ORG_XM_YCXJTJ,运城新建铜基新材料基地,机电,指定,0
U_ORG_XM_YDDSGZ,北京盈都大厦D座室内外装修改造,机电,指定,216861.5
U_ORG_XM_YFKYL,永丰Ⅱ-11地块科研办公楼,机电,指定,0
U_ORG_XM_YJSGZ,北京电信亦庄云计算改造,机电,指定,23433.92
U_ORG_XM_YTABND,烟台爱博诺德医用材料生产,机电,指定,7013618.26
U_ORG_XM_YTBDT,烟台智路联测半导体,机电,指定,0
U_ORG_XM_YXHE2DK,北京怀柔区雁栖湖柏崖厂村E2地块,机电,指定,61891.25
U_ORG_XM_YYZXGZSQ,北京国家游泳中心改造三期,机电,指定,0
U_ORG_XM_YZYJSZX,北京亦庄云计算中心,机电,指定,0
U_ORG_XM_Z13SYJR,北京CBD核心区Z13地块商业金融,机电,指定,26508.84
U_ORG_XM_ZBALBBFDJD,张北阿里巴巴数据中心F栋机电,机电,指定,0
U_ORG_XM_ZBALBBSJZXJD,张北阿里巴巴数据中心机电,机电,指定,570641.71
U_ORG_XM_ZBALBBSJZXJDXET,张北阿里巴巴数据中心机电小二台,机电,指定,0
U_ORG_XM_ZBSJZX,张北数据中心2A3总承包工程,机电,指定,1295228.95
U_ORG_XM_ZGRNJCYGZ,北京最高人民检察院西区改造,机电,指定,0
U_ORG_XM_ZGZKT,北京Z15中国尊高区空调,机电,指定,0
U_ORG_XM_ZHCSXW,珠海醋酸纤维有限公司搬迁扩建,机电,指定,0
U_ORG_XM_ZHGCSQ,中海广场项目三期K地块,机电,指定,0
U_ORG_XM_ZHHFGC,珠海华发广场,机电,指定,0
U_ORG_XM_ZHJFBG,北京总后京丰宾馆老客房楼改造,机电,指定,0
U_ORG_XM_ZHZLSZ,珠海臻林山庄,机电,指定,3175649.89
U_ORG_XM_ZHZWKCZX,珠海正威科创中心,机电,指定,0
U_ORG_XM_ZJHFXCHY,湛江华发新城花园,机电,指定,0
U_ORG_XM_ZJKQSMZ,张家口下花园浅山名筑住宅小区,机电,指定,0
U_ORG_XM_ZJKTXHL,张家口腾讯怀来瑞北云数据中心,机电,指定,0
U_ORG_XM_ZLDDDDK,天津中粮大道一期D地块,机电,指定,0
U_ORG_XM_ZLKJY,中粮科技园标准厂房,机电,指定,6098453.87
U_ORG_XM_ZLKJYEQ,北京中粮科技园标准厂房二期,机电,指定,11420467.18
U_ORG_XM_ZQTXYJS,重庆腾讯云计算中心,机电,指定,0
U_ORG_XM_ZSJMDK,北京招商嘉铭10地块商业办公,机电,指定,0
U_ORG_XM_ZSYH,中山宇宏健康花城二期四段,机电,指定,0
U_ORG_XM_ZZCNSQ,郑州智能骨干网航空港区三期,机电,指定,0
U_ORG_XM_ZZHK,郑州海康威视科技园,机电,指定,0
U_ORG_XM_ZZJYJD,郑州市建业拾捌壹期机电,机电,指定,0
U_ORG_XM_ZZJYZX,郑州建业中心,机电,指定,0
U_ORG_XM_ZZQLY,涿州阿里云计算数据中心,机电,指定,0
U_ORG_XM_ZZWKGC,北京住总·万科广场,机电,指定,0
U_ORG_XM_AHWHYJSYY,安徽芜湖皖南医学院弋矶山医院,机电,自施,32288344.65
U_ORG_XM_AHZWCF,安徽忠旺厂房,机电,自施,-31943.75
U_ORG_XM_AJXXZSDCBDXMP4BD,埃及新行政首都CBD项目P4标段,机电,自施,252417195.1
U_ORG_XM_ASJGS,鞍山市公安局监管场所新建,机电,自施,7488611.21
U_ORG_XM_BDFZJXL,北京大学新建附属中学北校区综合教学楼,机电,自施,539040.35
U_ORG_XM_BDKYL,北京大学教学科研楼,机电,自施,5486150.04
U_ORG_XM_BDTSGGZ,北京大学图书馆改造,机电,自施,712292.02
U_ORG_XM_BJAN4D,北京奥南4#地,机电,自施,0
U_ORG_XM_BJAZKYL,北京A座科研楼,机电,自施,0
U_ORG_XM_BJCBDSYJR,北京市CBD核心区Z2b地块商业金融,机电,自施,34476097.1
U_ORG_XM_BJDCBGLGKJ,北京东城办公楼改扩建,机电,自施,31532205.97
U_ORG_XM_BJDXHXYEQDL,北京大学化学学院E区大楼,机电,自施,6303604.97
U_ORG_XM_BJFSHFZYGY,北京房山华发中央公园,机电,自施,8583382.29
U_ORG_XM_BJFSLHXYTJ,北京房山龙湖熙悦天街,机电,自施,4620621.5
U_ORG_XM_BJFZDSZX,北京凤展大厦装修工程,机电,自施,0
U_ORG_XM_BJFZKYLJD,北京纺织科研楼实验楼机电,机电,自施,5580866.29
U_ORG_XM_BJGAZXGZ,北京港澳中心改造,机电,自施,54626485.73
U_ORG_XM_BJGJKJCBZX,北京国家科技传播中心,机电,自施,14007147.27
U_ORG_XM_BJGLYSQ03_31,北京高丽营三期03-31地块,机电,自施,1447396.75
U_ORG_XM_BJGMGYGZ,北京国贸公寓改造,机电,自施,13047467.63
U_ORG_XM_BJHLDS,北京华力国际大厦,机电,自施,0
U_ORG_XM_BJHPC,北京和平村,机电,自施,17253380.89
U_ORG_XM_BJHQDJQJT,北京环球度假区（集团）,机电,自施,0
U_ORG_XM_BJHQGYDJQ,北京环球度假区,机电,自施,1879091.09
U_ORG_XM_BJHQNYZX,北京环球能源中心,机电,自施,3275603.57
U_ORG_XM_BJHQZTGY,北京环球主题公园,机电,自施,26755417.57
U_ORG_XM_BJHRZGCCZZ,北京怀柔张各长村住宅,机电,自施,6133367.08
U_ORG_XM_BJHSMZXGZ,北京火神庙商业中心改造,机电,自施,6307659.78
U_ORG_XM_BJJCBDT,北京精测半导体设备及准分子激光器,机电,自施,485436.9
U_ORG_XM_BJJGMBGLGJ,北京建国门办公楼改建工程,机电,自施,2573698.05
U_ORG_XM_BJKTDX,北京凯特大厦,机电,自施,0
U_ORG_XM_BJLZJRSWQ,北京丽泽金融商务区E-13、E-14地块,机电,自施,0
U_ORG_XM_BJLZJRSWQJ,北京丽泽金融商务区E区13、14地块项目[局集团],机电,自施,192263.29
U_ORG_XM_BJNHHS,北京新机场南航航空食品设施,机电,自施,2636132.35
U_ORG_XM_BJODBSMZX,北京欧德宝商贸中心,机电,自施,1438389.25
U_ORG_XM_BJPAE05DK,北京平安金融中心E05地块,机电,自施,4028369.38
U_ORG_XM_BJQMCQGZ,北京前门B2B3地块重启后改造工程,机电,自施,4736771.5
U_ORG_XM_BJSKWKJD,北京首开万科天地机电,机电,自施,4748313.63
U_ORG_XM_BJSMYJSKJ,北京生命科学研究所扩建,机电,自施,3284868.3
U_ORG_XM_BJSYHSYGYCQF,北京顺义后沙峪共有产权房,机电,自施,33177557.8
U_ORG_XM_BJSYMTZ,北京顺义马头庄,机电,自施,3718104.19
U_ORG_XM_BJTGLGZ,北京太古里改造,机电,自施,3166967.81
U_ORG_XM_BJTKSQ,北京泰康之家燕园三期,机电,自施,3593665.72
U_ORG_XM_BJTLDYQ,北京天利德一期厂房,机电,自施,0
U_ORG_XM_BJTZWG,北京通州网络安全技术研发厂房,机电,自施,7511288.56
U_ORG_XM_BJWJBGLSQ,北京望京办公楼三期,机电,自施,5887723.23
U_ORG_XM_BJWKFCGYJD,北京万科翡翠公园机电,机电,自施,-358861.61
U_ORG_XM_BJWKQXS,北京万科七橡墅,机电,自施,708887.95
U_ORG_XM_BJWKWX,北京万科望溪,机电,自施,9585768.2
U_ORG_XM_BJWKZYC,北京祥筑万科长阳中央城,机电,自施,0
U_ORG_XM_BJWLCXX,北京未来城学校,机电,自施,0
U_ORG_XM_BJWLCXXZB,北京未来城学校总承包,机电,自施,50404322.49
U_ORG_XM_BJXHBX,北京新华保险大厦改造,机电,自施,0
U_ORG_XM_BJXHFTFKT,北京西华府商办楼通风空调工程,机电,自施,2861152.09
U_ORG_XM_BJXJCGL,北京新机场道路及综合管廊,机电,自施,582910.47
U_ORG_XM_BJXSJDAZF,北京香山军队安置房,机电,自施,4786957.62
U_ORG_XM_BJXXCXY,中国电信北京信息科技创新园工程,机电,自施,0
U_ORG_XM_BJXXCXYEQ,中国电信北京信息科技创新园科研数据中心,机电,自施,1484723.83
U_ORG_XM_BJXYDHLWJD,北京新一代互联网云计算产创基地机电,机电,自施,38152912.16
U_ORG_XM_BJYABGZX,北京永安宾馆装修,机电,自施,1233072.64
U_ORG_XM_BJYCCF,北京盈创2#厂房等5项,机电,自施,0
U_ORG_XM_BJYDHHHLJZL,北京永定河混合垃圾治理,机电,自施,0
U_ORG_XM_BJYYYH,北京远洋瀛海,机电,自施,19473607.79
U_ORG_XM_BJZ12TKJD,北京Z12泰康大厦机电工程,机电,自施,35717219.57
U_ORG_XM_BJZCCF,北京中钞厂房,机电,自施,28094763.86
U_ORG_XM_BJZGYD,北京中国移动博瑞琪大厦装修改造,机电,自施,51737163.31
U_ORG_XM_BJZSJD,北京招商嘉铭酒店,机电,自施,0
U_ORG_XM_BJZSJM,北京嘉铭珑原07-01办公商业,机电,自施,0
U_ORG_XM_BJZXZS,北京中芯北方BO2剩余楼层装修,机电,自施,15564381.78
U_ORG_XM_BJZYLHC,北京张仪-莲花池π入岳各庄220千伏线路,机电,自施,0
U_ORG_XM_BQDLZCJD,北汽动力总成基地项目（一期）二标段,机电,自施,0
U_ORG_XM_BQSTLGZF,北京顺义新城第4街区保障性住房,机电,自施,14033970.92
U_ORG_XM_BZDERMYY,山东滨州第二人民医院西院区,机电,自施,1863309.52
U_ORG_XM_BZGZSYXX,巴中光正实验学校,机电,自施,0
U_ORG_XM_BZSYLXQ,霸州市云庐小区住宅,机电,自施,8518730.9
U_ORG_XM_CDCHQSPZZ,成都成华区跳蹬河南路9号新建商品住宅项目一期,机电,自施,41287932.05
U_ORG_XM_CDCHQSPZZSQ,成都成华区跳蹬河南路9号新建商品住宅项目三期,机电,自施,0
U_ORG_XM_CDDJBX,成都大家保险金融广场机电,机电,自施,37028302.79
U_ORG_XM_CDDTAZF,成都青白江区大同集中安置房(二期),机电,自施,0
U_ORG_XM_CDDYHQJBZ,成都大运会安居保障EPC,机电,自施,0
U_ORG_XM_CDGJTLGZLZX,成都国际铁路港展览中心,机电,自施,573488.69
U_ORG_XM_CDHJSSJ,成都黄甲尚善居C区,机电,自施,4798346.24
U_ORG_XM_CDJDF6DX,成都京东方第6代生产线,机电,自施,0
U_ORG_XM_CDJDFCK,成都京东方第6代柔性AMOLED触控一体化显示器件,机电,自施,6995635.03
U_ORG_XM_CDJDFCKFZ,成都京东方第6代柔性AMOLED触控一体化显示器件（发展）,机电,自施,0
U_ORG_XM_CDJDFGYZX,成都京东方AMOLED工艺技术测试中心,机电,自施,0
U_ORG_XM_CDJDFJD,成都京东方第6代生产线机电A标段,机电,自施,21813350.57
U_ORG_XM_CDJNRCGY,成都金牛人才公寓,机电,自施,57772037.47
U_ORG_XM_CDJTWFPPP,成都金堂县五凤镇新型城镇化PPP项目,机电,自施,699484.65
U_ORG_XM_CDJTWFPPPJT,成都金堂县五凤镇新型城镇化PPP（集团）,机电,自施,0
U_ORG_XM_CDJXJC,成都锦绣江城EPC,机电,自施,65786280.56
U_ORG_XM_CDLTGC,成都乐天广场,机电,自施,437104.4
U_ORG_XM_CDPJSQZHT,成都蒲江鹤山街道办社区综合体,机电,自施,9960776.3
U_ORG_XM_CDQBJPPPFJ,成都青白江区PPP·房建,机电,自施,13971955.49
U_ORG_XM_CDQBJPPPSZ,成都青白江区PPP·市政,机电,自施,0
U_ORG_XM_CDQBJPPPSZFZ,成都青白江区PPP·市政（发展）,机电,自施,0
U_ORG_XM_CDQXYG,成都千行云谷,机电,自施,0
U_ORG_XM_CDSJZAZF,成都青白江区大同集中安置房,机电,自施,0
U_ORG_XM_CDSLZHKF,成都双流TOD综合开发,机电,自施,0
U_ORG_XM_CDTDJD,成都泰达时代中心机电,机电,自施,44967.77
U_ORG_XM_CDTFC,成都江宇天府城,机电,自施,0
U_ORG_XM_CDTHTFLZX,成都泰和泰国际法律服务中心,机电,自施,0
U_ORG_XM_CDWJQBLT,成都温江区BLT,机电,自施,771396.32
U_ORG_XM_CDWJQBLTFZ,成都温江区BLT（发展）,机电,自施,1669098.7
U_ORG_XM_CDWJRX,成都温江区蓉西新城新居B区,机电,自施,0
U_ORG_XM_CDXDAZF,成都新都区成青苑及桂荷馨苑小区,机电,自施,64336287.73
U_ORG_XM_CDXJYBF,成都新津御宾府,机电,自施,9234561.14
U_ORG_XM_CDXXLJEQ,成都香榭林居二期,机电,自施,12452025.8
U_ORG_XM_CDYSDC,成都528艺术东村产业展示,机电,自施,2947294.58
U_ORG_XM_CDYSW,成都奕斯伟板级封装系统集成电路,机电,自施,0
U_ORG_XM_CDZG,成都紫光存储器制造基地,机电,自施,1224281.31
U_ORG_XM_CDZGSF,成都中国商飞民机示范产业园二期,机电,自施,23511391.39
U_ORG_XM_CDZHYHSY,成都中海·御湖世家,机电,自施,-172506.21
U_ORG_XM_CDZLLYJY,成都中粮·珑悦锦云,机电,自施,6678477.37
U_ORG_XM_CDZYFSYY,成都中医大附属第二医院,机电,自施,1782072.94
U_ORG_XM_CDZYFSYYFZ,成都中医大附属第二医院(发展),机电,自施,0
U_ORG_XM_CHOFG,巢湖欧菲光光学光电产业基地建设,机电,自施,7558014.32
U_ORG_XM_CPXQGZ,北京大学昌平新校区宿舍楼装修改造,机电,自施,59792895.67
U_ORG_XM_CQHFBJSJ,重庆华发·滨江四季,机电,自施,12626757.07
U_ORG_XM_CQHXZZ,重庆华熙LIVE·鱼洞住宅,机电,自施,-913047.67
U_ORG_XM_CQJDF6AMOLED,重庆京东方第6代AMOLED柔性生产线,机电,自施,30216441.9
U_ORG_XM_CQLJKGWLY,重庆两江空港物流园,机电,自施,0
U_ORG_XM_CQSKHLSEQ,重庆SK海力士二期,机电,自施,0
U_ORG_XM_CQTXEQ,重庆腾讯云计算中心二期,机电,自施,278855.41
U_ORG_XM_CQTXEQXF,重庆腾讯云计算中心二期消防工程,机电,自施,1926534.21
U_ORG_XM_CQTXXF,重庆腾讯云计算中心一期消防工程,机电,自施,-63306.98
U_ORG_XM_CQTYZX,重庆巴南体育中心,机电,自施,0
U_ORG_XM_CQWSCLC,重庆水土污水处理厂三期扩建,机电,自施,0
U_ORG_XM_CQYCZCZGZN,重庆永川中船重工智能制造产业园,机电,自施,0
U_ORG_XM_CQYDTYG,重庆华熙LIVE·鱼洞体育馆,机电,自施,1354228.31
U_ORG_XM_CQYSCN,重庆亚士创能长寿综合制造基地,机电,自施,14854318.13
U_ORG_XM_CQYYSZXZ,重庆云阳数智森林小镇产业园区(一期)EPC,机电,自施,766176.45
U_ORG_XM_CYJZQ,北京常营大型居住区三期,机电,自施,0
U_ORG_XM_CYMSHJC,北京朝阳门SOHO中心南区商业加层,机电,自施,0
U_ORG_XM_CYMSOHOSQ,银河搜候中心（朝阳门SOHO三期）,机电,自施,0
U_ORG_XM_CZHK,滁州惠科第8.6代薄膜晶体管液晶显示器件,机电,自施,0
U_ORG_XM_CZQLDXF,常州青龙西路定销房,机电,自施,929083.82
U_ORG_XM_CZXBQZZ,常州市新北区住宅EPC,机电,自施,2474202.54
U_ORG_XM_CZXBQZZFZ,常州市新北区住宅EPC(发展),机电,自施,0
U_ORG_XM_D11DTFT_SZHXGD11D,深圳华星光电第11代TFT-LCD及AMOLED新型显示器件,机电,自施,628934.5
U_ORG_XM_DGHWSYS,东莞华为研发实验室一期,机电,自施,0
U_ORG_XM_DGOPPOJD,东莞OPPO滨海湾数据中心机电,机电,自施,92455100.36
U_ORG_XM_DGXTC,东莞小天才生产中心,机电,自施,25130481.23
U_ORG_XM_DJYJL,都江堰锦庐-4期房地产开发,机电,自施,970173.98
U_ORG_XM_DLGWJ,大连港湾街二号地块,机电,自施,-3122348.25
U_ORG_XM_DLXHW,大连星海湾壹号二期,机电,自施,0
U_ORG_XM_DQBYNKDX,大庆市八一农垦大学基础教学实验楼,机电,自施,216300.5
U_ORG_XM_DQYGLQLHJJGC,大庆豫港龙泉铝合金加工材,机电,自施,0
U_ORG_XM_DTZLDSJ,大同中联绿色大数据产业基地,机电,自施,23491732.17
U_ORG_XM_DWLZCZF,西大望路政策性住房,机电,自施,0
U_ORG_XM_DXJCZSQAZF,北京大兴国际机场噪声区安置房,机电,自施,33383048.37
U_ORG_XM_DXKAZFJZHZZ,北京东小口安置住房及综合整治,机电,自施,37223275.41
U_ORG_XM_DXZBDQ,北京大兴17#地项目（东区）,机电,自施,0
U_ORG_XM_DYDWDYMYY,德阳市人民医院城北第五代医院,机电,自施,2442821.66
U_ORG_XM_EEDSYSGD,鄂尔多斯源盛光电第5.5代AM-OLED,机电,自施,0
U_ORG_XM_ELSTLHFCJ,俄罗斯图拉州哈弗发动机车间,机电,自施,2013148.55
U_ORG_XM_FJ6AMOLED,福州第6代AMOLED柔性生产线,机电,自施,0
U_ORG_XM_FJJHCCQSCX,福建省晋华集成电路有限公司存储器生产线,机电,自施,0
U_ORG_XM_FLBMPEGLFXC,菲律宾梅普尔格罗夫新城第一项目,机电,自施,7834985.9
U_ORG_XM_FLBXGLLDS,菲律宾香格里拉大厦,机电,自施,0
U_ORG_XM_FNWSCLC,丰宁污水处理厂扩容提标改造及配套管网,机电,自施,0
U_ORG_XM_FSJHGCEQ,佛山捷和广场二期,机电,自施,25086158.05
U_ORG_XM_FSJRJRCHY,佛山金融街融辰花园,机电,自施,411853.21
U_ORG_XM_FSJRJSD,佛山金融街顺德陈村,机电,自施,1457050.33
U_ORG_XM_FSJRJSS,佛山金融街三水,机电,自施,2624801.67
U_ORG_XM_FSJXLJHY,佛山建鑫乐家花园,机电,自施,0
U_ORG_XM_FSLC,佛山绿城,机电,自施,-2677258.43
U_ORG_XM_FSLQG,佛山国际体育文化演艺中心,机电,自施,0
U_ORG_XM_FSLSHLYZL,佛山市南海区里水河流域治理,机电,自施,0
U_ORG_XM_FSSDGZSYXX,佛山顺德光正实验学校,机电,自施,2241859.27
U_ORG_XM_FSSDYXQ,佛山市东亚项目西区EPC,机电,自施,21230218.48
U_ORG_XM_FSYCZD,佛山怡翠尊堤嘉园D2区,机电,自施,0
U_ORG_XM_FSYGBJSQGZ,佛山市原干部家属区部分政府旧物业修缮改造,机电,自施,3108403.61
U_ORG_XM_FXMNWGQ,复兴门内危改区4·2号地项目空调系统工程,机电,自施,865046.06
U_ORG_XM_FZJDF,福州第8.5代新型半导体显示器件生产线,机电,自施,0
U_ORG_XM_FZJDFJD,福州第8.5代新型半导体显示器件生产线机电,机电,自施,0
U_ORG_XM_GCBS38DK,北京观承别墅03-38地块二标段,机电,自施,0
U_ORG_XM_GDGSZYXY,广东工商职业学院体育馆·图书馆,机电,自施,375970.09
U_ORG_XM_GDHYAL,广东阿里巴巴云计算数据中心河源源城区项目,机电,自施,11848933.55
U_ORG_XM_GDHYALEQ,广东阿里巴巴云计算数据中心河源源城区二期项目,机电,自施,3046904.53
U_ORG_XM_GDHYJDEQ,广东阿里巴巴云计算数据中心河源江东二期,机电,自施,0
U_ORG_XM_GDHYSQ,广东阿里巴巴云计算数据中心河源源城区三期项目,机电,自施,20430447.04
U_ORG_XM_GDHYSQJD,广东阿里巴巴云计算数据中心河源源城区三期机电,机电,自施,69754126.96
U_ORG_XM_GJNYQXZX,国际农业科技创新中心,机电,自施,0
U_ORG_XM_GMDLGZ,北京国贸东楼改造及交通一体化,机电,自施,0
U_ORG_XM_GMSQB,北京中国国际贸易中心三期B阶段工程,机电,自施,0
U_ORG_XM_GRGCJD,北京国锐广场机电,机电,自施,11220273.12
U_ORG_XM_GSQYZDYQ,甘肃庆阳正大一期,机电,自施,0
U_ORG_XM_GXNNDXCFJF,广西南宁电信东盟信息园动力中心柴发机房,机电,自施,8583666.28
U_ORG_XM_GYHYZCF,中建（天津）工业化建筑公司预制厂房,机电,自施,828522.62
U_ORG_XM_GYSGZFYYYJD,贵阳市贵州妇女儿童国际医院机电,机电,自施,4834951.37
U_ORG_XM_GYWK,贵阳万科劲嘉大都会商业综合体,机电,自施,0
U_ORG_XM_GZALBB,广州阿里巴巴华南运营中心,机电,自施,11360410.68
U_ORG_XM_GZBLSYL,广州保利三元里,机电,自施,14572628.48
U_ORG_XM_GZBYHYC,广州黄石路白云汇广场影城,机电,自施,0
U_ORG_XM_GZCSJ,广州超视堺第10.5代TFT-LCD显示器件生产线,机电,自施,28430.6
U_ORG_XM_GZCSJFZ,广州超视堺第10.5代TFT-LCD显示器件生产线（发展）,机电,自施,15107613.75
U_ORG_XM_GZKNBLC,广州第10.5代TFT-LCD显示器生产线玻璃工厂建设,机电,自施,208570.66
U_ORG_XM_GZLGDDGC,广州LG-Display-D工程,机电,自施,0
U_ORG_XM_GZLGGP3,广州LG Display GP3,机电,自施,0
U_ORG_XM_GZPY,广州金融街番禺市桥,机电,自施,0
U_ORG_XM_GZWXN,广州维信诺第6代柔性AMOLED模组生产线,机电,自施,1978806.31
U_ORG_XM_GZWXNJD,广州维信诺第6代柔性AMOLED模组生产线机电,机电,自施,10260809.46
U_ORG_XM_GZXYNBDT,广州芯粤能半导体,机电,自施,0
U_ORG_XM_GZYLSQ,广州养老社区项目示范区工程,机电,自施,0
U_ORG_XM_GZYXBDT,广州粤芯半导体,机电,自施,8371865.82
U_ORG_XM_HAXJCF,淮安第三园区新建厂房,机电,自施,0
U_ORG_XM_HBGAYG,河北固安第6代有源矩阵AMOLED面板生产线,机电,自施,0
U_ORG_XM_HBGAYGFZ,河北固安第6代有源矩阵AMOLED面板生产线（发展）,机电,自施,0
U_ORG_XM_HBGAZSJD,河北固安第6代有源矩阵AMOLED面板生产线装饰机电,机电,自施,755232.48
U_ORG_XM_HBXYZDYQ,湖北襄阳正大一期,机电,自施,0
U_ORG_XM_HEBHRHLS,哈尔滨华润·欢乐颂,机电,自施,0
U_ORG_XM_HEBHRXFL,哈尔滨华润·幸福里,机电,自施,0
U_ORG_XM_HEBSZCYY,哈尔滨深圳产业园科创总部,机电,自施,37756298.18
U_ORG_XM_HEBZGBY,哈尔滨中国北药智慧产业新城A1地块,机电,自施,2147268.44
U_ORG_XM_HFCX,合肥长鑫12吋存储器晶圆制造基地项目一期改扩建,机电,自施,0
U_ORG_XM_HFDC,合肥鼎材新型显示配套高端电子材料生产基地,机电,自施,145631.07
U_ORG_XM_HFJDFSDWD,合肥京东方第10.5代薄膜晶体管液晶显示器件（TFT-LCD）,机电,自施,6558092.65
U_ORG_XM_HFJHTJ,合肥晶合二厂厂务及配套项目L40土建,机电,自施,0
U_ORG_XM_HFLXYFJD,合肥联想研发基地,机电,自施,240216.97
U_ORG_XM_HFSY,合肥视涯OLED微型显示器件厂,机电,自施,0
U_ORG_XM_HFV3,合肥维信诺第六代AMOLED生产线,机电,自施,2462458.97
U_ORG_XM_HFV3FZ,合肥维信诺第六代AMOLED生产线（发展）,机电,自施,0
U_ORG_XM_HFYJCLCJ,合肥邮件处理车间,机电,自施,0
U_ORG_XM_HFYJCLCJFZ,合肥邮件处理车间（发展）,机电,自施,0
U_ORG_XM_HFZJCF,合肥整机智能制造生产线,机电,自施,513358.88
U_ORG_XM_HHHTKDJD,呼和浩特凯德广场·诺和木勒改造项目机电,机电,自施,6115077.54
U_ORG_XM_HJDYH,北京花家地一号,机电,自施,2392756.09
U_ORG_XM_HJJYSSZYYZX,上海黄金交易所深圳运营中心,机电,自施,254037.87
U_ORG_XM_HKKGBSQ,海口空港综合保税区监管设施,机电,自施,7064361.31
U_ORG_XM_HKT,海口塔,机电,自施,0
U_ORG_XM_HKTSZ,海口塔南塔试桩工程,机电,自施,0
U_ORG_XM_HKYSDEQ,北京鸿坤云时代二期,机电,自施,14811934.14
U_ORG_XM_HMHT,后帽胡同23号翻、扩建工程,机电,自施,0
U_ORG_XM_HNAYZZC,河南安阳内黄正大一期,机电,自施,0
U_ORG_XM_HNRCJFGZ,北京华能人才基地B栋实验楼数据机房改造,机电,自施,14536225.95
U_ORG_XM_HNTZDS,北京湖南投资大厦,机电,自施,228971.53
U_ORG_XM_HNWYBWH,河南舞阳北外环,机电,自施,0
U_ORG_XM_HNXYSWBG,河南新乡中蓝商务地块自持办公,机电,自施,1793510.95
U_ORG_XM_HNYGDSJ,淮南云谷大数据产业园(B地块),机电,自施,0
U_ORG_XM_HSQY,呼和浩特群众艺术馆,机电,自施,0
U_ORG_XM_HTDXJSSS,北京航天工程大学军事设施建设,机电,自施,37270199.73
U_ORG_XM_HXGDAZB,华星光电第8.5代TFT-LCD A标段施工总承包,机电,自施,0
U_ORG_XM_HXGDAZBJD,华星光电第8.5代TFT-LCD（综合）,机电,自施,0
U_ORG_XM_HZALYZB,杭州阿里云计算公司总部,机电,自施,51475806.06
U_ORG_XM_HZCNYG,杭州菜鸟西湖云谷产业园,机电,自施,0
U_ORG_XM_HZDTSHX,杭州地铁3号线一期工程星桥车辆段,机电,自施,29565164.45
U_ORG_XM_HZHKGD,杭州海康高端安防产品及红外传感芯片研发、产业化,机电,自施,28602766.78
U_ORG_XM_HZHKWSSQ,杭州海康威视智能安检产品产业化基地,机电,自施,0
U_ORG_XM_HZHPDX,杭州湖畔大学,机电,自施,0
U_ORG_XM_HZLXYTC,杭州理想银泰城,机电,自施,0
U_ORG_XM_HZRHALY,杭州仁和阿里云计算数据中心,机电,自施,14482969.42
U_ORG_XM_HZXLW,广东惠州金融街巽寮湾海世界,机电,自施,-724884.53
U_ORG_XM_HZZX,杭州中芯晶圆半导体股份有限公司半导体大硅片（200mm、300mm）,机电,自施,7440583.6
U_ORG_XM_JCGJD,晋城光机电产业园一期项目EPC总承包,机电,自施,12458373.4
U_ORG_XM_JJHCZGCGZ,九江火车站广场及滨江路改造,机电,自施,-72781.79
U_ORG_XM_JJXJKSLYQ,九江新建快速路一期,机电,自施,0
U_ORG_XM_JL43015GC,吉林省43015-3EPC,机电,自施,51072173.67
U_ORG_XM_JLMHKKMWLY,吉林梅河口康美医疗健康中心物流园,机电,自施,13810.23
U_ORG_XM_JLMHKKMYLY,吉林梅河口康美医疗健康中心医疗园,机电,自施,44159.85
U_ORG_XM_JLMHKKMYYY,吉林梅河口康美医疗健康中心医养园,机电,自施,464623.11
U_ORG_XM_JMHFSJ,江门华发四季,机电,自施,17165184.37
U_ORG_XM_JRJAG,金融街A5改扩建,机电,自施,0
U_ORG_XM_JRJHZQ,广州金融街海珠区石岗路,机电,自施,-1882827.4
U_ORG_XM_JRJYTZX,北京金融街（月坛）中心,机电,自施,0
U_ORG_XM_JSLYSDSQ,江苏先进动力电池产业化项目（二期）一标段,机电,自施,0
U_ORG_XM_JSXHLZX,嘉兴市嘉善县健康护理中心,机电,自施,2479995.96
U_ORG_XM_JSZJLXCF,江苏镇江力信锂电池研发及产业化工程,机电,自施,0
U_ORG_XM_JXGQGC,嘉兴港区滨海中央广场项目二期EPC,机电,自施,0
U_ORG_XM_JXJSSDY,嘉兴市嘉善善东苑公寓房,机电,自施,0
U_ORG_XM_JXSWZX,北京京西商务中心（西区）商业金融用地,机电,自施,0
U_ORG_XM_JXWHZX,嘉兴市文化艺术中心,机电,自施,12739410.55
U_ORG_XM_JXWLCC,嘉兴综合保税区物流仓储,机电,自施,42121163.95
U_ORG_XM_JXYL,北京绿城西山燕庐,机电,自施,282855.21
U_ORG_XM_JYWKC,金隅万科城A1地块综合体,机电,自施,0
U_ORG_XM_KSLFGD,昆山龙飞光电有限公司厂房一期土建工程,机电,自施,0
U_ORG_XM_KSYDGJ,昆山友达L6K厂房改建,机电,自施,0
U_ORG_XM_LFYQWK,廊坊永清紫晶翡丽,机电,自施,0
U_ORG_XM_LGYZZSPF,北京来广营北路自住型商品房,机电,自施,0
U_ORG_XM_LNTSLGC,辽宁天士力现代中药示范工厂,机电,自施,3793191.52
U_ORG_XM_LNTSLSRGZ,辽宁天士力参茸厂区改造,机电,自施,1127047.95
U_ORG_XM_LXHGZ,北京利星行中心改造,机电,自施,4491363.33
U_ORG_XM_LXHZX,北京利星行中心(文化交流中心),机电,自施,0
U_ORG_XM_LXHZXEQ,北京利星行中心二期,机电,自施,11053508.67
U_ORG_XM_LXZBEQ,北京联想总部园区二期,机电,自施,0
U_ORG_XM_LXZBYQ,北京联想总部园区一期,机电,自施,0
U_ORG_XM_LYSTYLJLH,洛阳隋唐园立交亮化,机电,自施,2737386.71
U_ORG_XM_LYSTYLJLHJT,洛阳隋唐园立交亮化(集团),机电,自施,6843782.54
U_ORG_XM_LYZDYQ,洛阳正大一期,机电,自施,-424713.13
U_ORG_XM_LZSOHOJD,北京丽泽soho机电,机电,自施,13507280.56
U_ORG_XM_MSKHMY,莫斯科中国贸易中心,机电,自施,6313425
U_ORG_XM_MTGBL,北京门头沟保利首开自住房,机电,自施,0
U_ORG_XM_MTGBLXX,北京门头沟保利小学,机电,自施,0
U_ORG_XM_MYJDF,绵阳京东方第6代AMOLED柔性生产线,机电,自施,6367208.48
U_ORG_XM_MYWSCLC,绵阳永兴污水处理厂扩建,机电,自施,112695.16
U_ORG_XM_MYZXXZ,绵阳市中心血站迁建,机电,自施,0
U_ORG_XM_MYZZ,北京密云项目住宅,机电,自施,0
U_ORG_XM_NCGXWDZ,南昌高新微电子科技园,机电,自施,0
U_ORG_XM_NCJKQJD,南昌经开区LED电子信息孵化示范基地机电,机电,自施,6368476.43
U_ORG_XM_NCSSMZXJD,南昌市市民中心建设工程机电,机电,自施,48993849.54
U_ORG_XM_NGZCXQ,北京石景山区南宫住宅小区,机电,自施,0
U_ORG_XM_NJHSXFDJC,南京华夏幸福大校场项目G地块,机电,自施,7790647.01
U_ORG_XM_NJHXC,南京海峡城E地块住宅,机电,自施,0
U_ORG_XM_NJKGZNGGW,南京空港智能骨干网,机电,自施,1673780.31
U_ORG_XM_NJTJD,南京台积电12吋晶圆厂与设计服务中心一期,机电,自施,0
U_ORG_XM_NJTS,南京腾讯华东云计算基地,机电,自施,14062315.18
U_ORG_XM_NJYZJG29DK,南京燕子矶G29B地块,机电,自施,11554816.34
U_ORG_XM_NJZGJCDLJD,南京紫光集成电路基地,机电,自施,0
U_ORG_XM_NTALYJS,南通阿里云计算数据中心,机电,自施,11564850.75
U_ORG_XM_NTJH,南通江海阿里云计算数据中心,机电,自施,81786104.06
U_ORG_XM_NTJSY,南通金属园阿里云计算数据中心,机电,自施,74569590.26
U_ORG_XM_NTRCGSD1,通锡高速公路海门至通州段TXGS-LJ3项目部第1分部,机电,自施,0
U_ORG_XM_NTRCGSD2,通锡高速公路海门至通州段TXGS-LJ3项目部第2分部,机电,自施,0
U_ORG_XM_NTRCGSD3,通锡高速公路海门至通州段TXGS-LJ3项目部第3分部,机电,自施,0
U_ORG_XM_NTRCGSZHB,通锡高速公路海门至通州段TXGS-LJ3,机电,自施,0
U_ORG_XM_PAGJJRZX,深圳平安国际金融中心（局集团）,机电,自施,0
U_ORG_XM_PAJRZXNT,深圳平安金融中心南塔,机电,自施,0
U_ORG_XM_PJZW,盘锦忠旺铝业一期一标段A区,机电,自施,2892419.21
U_ORG_XM_QBJWTZX,成都青白江区文化体育中心,机电,自施,0
U_ORG_XM_QBJZHDD,成都青白江区智慧大道,机电,自施,0
U_ORG_XM_QDHFSJ,青岛华发四季,机电,自施,6029460.08
U_ORG_XM_QDHNJD,青岛华能信息产业基地机电,机电,自施,512873.4
U_ORG_XM_QDTKZJ,青岛泰康之家养老,机电,自施,0
U_ORG_XM_QDWKFCZJ,青岛万科翡翠长江,机电,自施,2866755.65
U_ORG_XM_QDYGYH,青岛阳光·壹号,机电,自施,0
U_ORG_XM_QHBT,北京清华大学北体育馆,机电,自施,10017195.34
U_ORG_XM_QHDLDBDT,秦皇岛礼鼎高端集成电路封装载板智能制造基地,机电,自施,1704562.43
U_ORG_XM_QHSSM,北京清华大学苏世民书院,机电,自施,0
U_ORG_XM_QZSABDT,泉州三安半导体研发与产业化,机电,自施,2358093.43
U_ORG_XM_RHALYEQ,杭州仁和阿里云计算数据中心二期,机电,自施,0
U_ORG_XM_RHYY,北京市仁和医院二期,机电,自施,16699.93
U_ORG_XM_RJZX,北京如家北纬路店装修,机电,自施,0
U_ORG_XM_SCGAFY,四川广安富盈洋房及商业,机电,自施,1886413.53
U_ORG_XM_SCGAJDGZ,四川广安富盈酒店机电改造,机电,自施,0
U_ORG_XM_SCGCCYY,四川国际创新设计产业园A地块,机电,自施,29773667.79
U_ORG_XM_SCTKXNYY,四川泰康西南医院,机电,自施,8360690.59
U_ORG_XM_SDBZZYY,山东滨州中医医院新院,机电,自施,58771697.16
U_ORG_XM_SDJCGZ,北京首都机场2号航站楼改造,机电,自施,-122646.18
U_ORG_XM_SDRCGEJD,山东荣成歌尔电子4#厂房、2#动力中心机电,机电,自施,39545689.64
U_ORG_XM_SDYKDKYL,北京首都医科大学临床科研楼改造,机电,自施,0
U_ORG_XM_SHGBSH,上海古北SOHO机电工程,机电,自施,1905856.97
U_ORG_XM_SHGH,上海国浩长风城二期东地块综合体,机电,自施,0
U_ORG_XM_SHGKBDT,上海格科半导体,机电,自施,7273003.98
U_ORG_XM_SHPDAZF1101,上海浦东新区安置房11-01地块,机电,自施,4901063.5
U_ORG_XM_SHPDEQ,上海浦东新区安置房二期,机电,自施,0
U_ORG_XM_SHTKSYGZ,上海泰康申园一期改造,机电,自施,3923317.91
U_ORG_XM_SHTXGKJCF,上海腾讯改扩建厂房,机电,自施,100692.92
U_ORG_XM_SHTY,上海天岳碳化硅半导体材料,机电,自施,0
U_ORG_XM_SHWDNZJD,上海万科南站商务城三期机电,机电,自施,18042104.08
U_ORG_XM_SHWKXMJD,上海万科莘闵综合机电,机电,自施,1183510.47
U_ORG_XM_SHXYDJD,上海商汤科技新一代人工智能计算和赋能平台机电,机电,自施,182914358.5
U_ORG_XM_SJZXJD,北京数据港1号数据中心机电,机电,自施,82435289.06
U_ORG_XM_SKWKZX,北京首开万科中心,机电,自施,0
U_ORG_XM_SMDLGZ,北京生命科学实验室改造,机电,自施,-3596880.47
U_ORG_XM_SMKYDL,北京生命科学科研大楼,机电,自施,0
U_ORG_XM_SRHXLIVEXJYQ,上饶华熙Live·信江一期,机电,自施,1706295.34
U_ORG_XM_SXDTZDYQ,山西大同正大一期,机电,自施,1734099.11
U_ORG_XM_SXQQJD,绍兴钱清B地块商业机电,机电,自施,10189537.9
U_ORG_XM_SXWNZDYQ,陕西渭南澄城正大一期,机电,自施,0
U_ORG_XM_SYFDSJC,沈阳方大·世纪城 01-C 医养项目三标段,机电,自施,1834862.55
U_ORG_XM_SYHTWWLJD,三亚海棠湾国际购物中心物流基地,机电,自施,-1136.5
U_ORG_XM_SYHXD,三亚海棠湾河心岛,机电,自施,0
U_ORG_XM_SYJLDK,沈阳市沈河区金廊22-1地块,机电,自施,0
U_ORG_XM_SYJLSY,沈阳嘉里A2地块商业,机电,自施,168948.35
U_ORG_XM_SYJLZX,沈阳嘉里中心T1及T4楼,机电,自施,0
U_ORG_XM_SYJLZXBDK,沈阳嘉里中心B地块3a1、3a2期,机电,自施,0
U_ORG_XM_SYJLZXJD,沈阳嘉里中心居住商业（C地块）机电工程,机电,自施,0
U_ORG_XM_SYJLZXJDJJT,沈阳嘉里中心居住商业（C地块）机电工程（局集团）,机电,自施,-41826.51
U_ORG_XM_SYJLZXT,沈阳嘉里中心A2地块T2办公楼总承包工程,机电,自施,56238.68
U_ORG_XM_SYJYJD,三亚海棠湾君悦酒店,机电,自施,0
U_ORG_XM_SYLCQYCSQ,沈阳绿城全运村四期,机电,自施,-532642.98
U_ORG_XM_SYSKRY,沈阳首开如院,机电,自施,10114283.68
U_ORG_XM_SYSNYG,沈阳苏宁电子商务运营中心(一期),机电,自施,7840167.14
U_ORG_XM_SYTK,沈阳泰康之家沈园,机电,自施,0
U_ORG_XM_SYXCD13JQ,北京顺义新城第13街区居住区,机电,自施,2053159.81
U_ORG_XM_SYXSWSQ,沈阳华润橡树湾4期,机电,自施,0
U_ORG_XM_SYZHHPZM,沈阳中海和平之门5.1期,机电,自施,0
U_ORG_XM_SYZHSYEQ,沈阳中海商业二期,机电,自施,0
U_ORG_XM_SYZJCLY,沈阳中集车辆园,机电,自施,0
U_ORG_XM_SZDSDS,深圳达实大厦改扩建,机电,自施,1719348.64
U_ORG_XM_SZDXXLXQ,深圳大学西丽校区,机电,自施,11951254.46
U_ORG_XM_SZGJYSBLJYZB,深圳至正大厦,机电,自施,0
U_ORG_XM_SZGMQJRJ,深圳光明区金融街,机电,自施,553422.61
U_ORG_XM_SZHXDZQZ,深圳华星光电第11代大宗气体站,机电,自施,5040037.76
U_ORG_XM_SZJCBZZ,深圳机场调蓄池泵闸站,机电,自施,19388980.29
U_ORG_XM_SZJCKFQ,深圳机场开发区西区,机电,自施,5057401.26
U_ORG_XM_SZJLSWZX,深圳嘉里商务中心,机电,自施,0
U_ORG_XM_SZJLSWZXYQ,深圳嘉里商务中心（一期）,机电,自施,0
U_ORG_XM_SZJSDX,深圳技术大学建设项目（一期）,机电,自施,10517295.12
U_ORG_XM_SZLDBDT,深圳礼鼎高端集成电路载板及先进封装基地,机电,自施,0
U_ORG_XM_SZLHTJWQJD,苏州龙湖天街五期机电总包,机电,自施,4863286.98
U_ORG_XM_SZLXCXY,深圳联想创新科技园综合机电,机电,自施,87888381.85
U_ORG_XM_SZNSZD,深圳南山中国电子科技园,机电,自施,0
U_ORG_XM_SZPACXDS,深圳平安财险大厦,机电,自施,0
U_ORG_XM_SZPAGJJRZX,深圳平安国际金融中心,机电,自施,1986995.47
U_ORG_XM_SZPDSDDSJD,深圳鹏鼎时代大厦机电,机电,自施,42522478.32
U_ORG_XM_SZQHJLSQ,深圳嘉里商务中心(三期),机电,自施,0
U_ORG_XM_SZQHSDYXZ,深圳前海十单元3小镇,机电,自施,0
U_ORG_XM_SZQWXXSNZX,深圳前湾信息枢纽中心,机电,自施,201203.95
U_ORG_XM_SZRYJD,深圳柔宇国际柔性显示产业园机电,机电,自施,762227.46
U_ORG_XM_SZSCSWDS,深圳首创商务大厦,机电,自施,413367.17
U_ORG_XM_SZSCZX,深圳市创新创业无障碍服务中心,机电,自施,0
U_ORG_XM_SZSMYF,深圳水木一方大厦,机电,自施,0
U_ORG_XM_SZSSGL,深圳石厦村综合管廊,机电,自施,1317759.79
U_ORG_XM_SZTK,苏州泰康之家31703地块,机电,自施,758993.99
U_ORG_XM_SZWXGY,苏州文星公寓扩建项目（二标段）,机电,自施,0
U_ORG_XM_SZXGDX,深圳香港中文大学二期II标,机电,自施,4488867.87
U_ORG_XM_SZXL,深圳西丽高尔夫球俱乐部员工宿舍,机电,自施,0
U_ORG_XM_SZXMGJZB,深圳小米国际总部,机电,自施,47879.84
U_ORG_XM_SZYBXQ,深圳职业技术学院北校区,机电,自施,8485025.91
U_ORG_XM_SZYCC,深圳悦彩城,机电,自施,0
U_ORG_XM_SZYCGSHLZ,苏州虞城(姑苏)±800千伏换流站土建C包,机电,自施,4847821.11
U_ORG_XM_SZYHDSJD,深圳宇宏大厦机电,机电,自施,46044063.97
U_ORG_XM_SZYLXDXQ,深圳职业技术学院留仙洞校区,机电,自施,51489821.48
U_ORG_XM_SZYXSGYCJ,深圳职业技术学院学生公寓拆建,机电,自施,1408355.75
U_ORG_XM_TH008,北京台湖公园里008地块,机电,自施,1409322.81
U_ORG_XM_TJBNW,天津宁宇家园二期,机电,自施,0
U_ORG_XM_TJDTQHX,天津地铁7号线一期工程PPP项目土建10标段,机电,自施,0
U_ORG_XM_TJDYC,天津大悦城B地块办公楼,机电,自施,0
U_ORG_XM_TJJHS,天津金海墅,机电,自施,0
U_ORG_XM_TJJLZX,天津嘉里中心,机电,自施,0
U_ORG_XM_TJJRJ,天津金融街（和平）中心,机电,自施,0
U_ORG_XM_TJJRJBHRY,天津金融街滨海融御,机电,自施,1221412.61
U_ORG_XM_TJJRJDLH,天津金融街东丽湖一期及展示区,机电,自施,24407731.17
U_ORG_XM_TJJT,天津津塔项目经理部,机电,自施,0
U_ORG_XM_TJJTDS,天津金唐大厦,机电,自施,0
U_ORG_XM_TJLWL,天津中粮大道一期E地块(祥云名苑),机电,自施,0
U_ORG_XM_TJNKXX,天津海河教育园区南开学校,机电,自施,2049.29
U_ORG_XM_TJQYC,天津全运村,机电,自施,0
U_ORG_XM_TJQYCDJXM,天津全运村代建东区小学幼儿园邻里中心,机电,自施,1272441.59
U_ORG_XM_TJSCZBZ,天津首创中北镇,机电,自施,5716851.19
U_ORG_XM_TJSYQ,天津天碱商业区14#地,机电,自施,0
U_ORG_XM_TJTHC,天津天河城购物中心,机电,自施,0
U_ORG_XM_TJTYDQ,天津通用电气医疗系统生产基地,机电,自施,0
U_ORG_XM_TJTYHHYQ,天津天阅海河一期,机电,自施,0
U_ORG_XM_TJWQDK,天津武清080地块,机电,自施,17578778.29
U_ORG_XM_TJYGJDY,天津阳光晶典苑,机电,自施,0
U_ORG_XM_TJYJPJRQ,天津于家堡金融区3-16地块,机电,自施,0
U_ORG_XM_TJYYDS,天津远洋大厦二期工程,机电,自施,0
U_ORG_XM_TJZBZJGQ,天津中北镇居住区G区,机电,自施,3426283.11
U_ORG_XM_TJZLDDDDKJZ,天津中粮大道一期D地块精装,机电,自施,0
U_ORG_XM_TJZX,天津中芯P3厂房,机电,自施,17105296.4
U_ORG_XM_TKSJYLSQ,上海泰康松江养老社区08地块,机电,自施,0
U_ORG_XM_TRDERMYYJD,铜仁第二人民医院机电,机电,自施,-364612.39
U_ORG_XM_TSXSW,唐山橡树湾,机电,自施,0
U_ORG_XM_TTTGHHY,天津天通泰观湖花园,机电,自施,0
U_ORG_XM_TTTKJY,北京天通泰中以文化数码科技园,机电,自施,0
U_ORG_XM_TXBHDAJDJT,深圳腾讯滨海大厦项目机电专业分包（局集团）,机电,自施,498099.54
U_ORG_XM_TXBHDXJD,深圳腾讯滨海大厦项目机电专业分包,机电,自施,2045132.26
U_ORG_XM_TZHXQ,北京通州核心区运河项目Ⅱ-05地块,机电,自施,41990786.47
U_ORG_XM_TZWKZX,北京天竺万科中心,机电,自施,0
U_ORG_XM_WFBSQCFJD,潍坊歌尔电子保税区9#厂房机电,机电,自施,1496343.99
U_ORG_XM_WFYLJMSQ,潍坊怡力精密四期1#2#厂房机电,机电,自施,54387366.31
U_ORG_XM_WHHXGD,武汉华星光电t3,机电,自施,0
U_ORG_XM_WHHXGDT4,武汉华星光电t4,机电,自施,1033672.56
U_ORG_XM_WHHXGDTJDAB,武汉华星光电t4机电A包,机电,自施,-736987.43
U_ORG_XM_WHJDF,武汉高世代薄膜晶体管液晶显示器件(TFT-LCD)生产线,机电,自施,8099061.17
U_ORG_XM_WHSZSSZB,芜湖三只松鼠研发运营中心,机电,自施,15821350.48
U_ORG_XM_WHTKCY,武汉泰康之家·楚园,机电,自施,0
U_ORG_XM_WHWKCYTD,北京五和万科长阳天地,机电,自施,2696841.11
U_ORG_XM_WHXX,武汉新芯OS4F装修,机电,自施,0
U_ORG_XM_WHZHTF,武汉中国特种飞行器研发中心,机电,自施,259160.93
U_ORG_XM_WJBGLEQ,望京办公楼二期,机电,自施,4672984.06
U_ORG_XM_WJSHZX,北京望京SOHO中心,机电,自施,0
U_ORG_XM_WKCYWYCZZX,北京祥筑万科长阳文娱创作中心,机电,自施,1170.78
U_ORG_XM_WKFCYT,北京万科翡翠云图,机电,自施,26411460.31
U_ORG_XM_WKSBSYDZX,五棵松冰上运动中心,机电,自施,2684153.64
U_ORG_XM_WKSLQGY,北京五棵松篮球公园施工,机电,自施,1630534.53
U_ORG_XM_WKSZHL,北京五棵松文化体育中心配套综合楼,机电,自施,10158206.65
U_ORG_XM_WLCBALYJS,乌兰察布阿里云计算数据中心,机电,自施,1880340.89
U_ORG_XM_WLCBKS,乌兰察布快手智能云数据中心,机电,自施,28012337.19
U_ORG_XM_WLCBYJSJD,乌兰察布阿里云计算数据中心机电设备安装工程,机电,自施,26073320.56
U_ORG_XM_WRKTDSF,深圳微软科通大厦[发展],机电,自施,0
U_ORG_XM_WRKTDX,深圳微软科通大厦,机电,自施,799896.8
U_ORG_XM_WTDSXD,天津万通大厦（信达二期）,机电,自施,0
U_ORG_XM_WXGLJRDS,无锡国联金融大厦,机电,自施,0
U_ORG_XM_WXHFZNZSCDKZZ,无锡华发中南装饰城地块住宅,机电,自施,11830687.13
U_ORG_XM_WXHK,无锡鸿坤理想湾,机电,自施,369427.03
U_ORG_XM_WXHL2Z,无锡恒隆广场办公楼2座,机电,自施,223300.97
U_ORG_XM_WXHLGC,无锡恒隆广场综合发展,机电,自施,0
U_ORG_XM_WXHLGCBGL,无锡恒隆广场办公楼2座保护工程,机电,自施,0
U_ORG_XM_WXJRG,无锡河埒金融商务港,机电,自施,5414311.58
U_ORG_XM_WXOPN,无锡欧谱纳轻型燃气机制造,机电,自施,970938.83
U_ORG_XM_WXSHCZBEDK,无锡市综合交通枢纽项目,机电,自施,0
U_ORG_XM_WXSKHLSKJ,无锡SK海力士厂房扩建,机电,自施,-23613190.99
U_ORG_XM_WXSSMZX,无锡市市民中心项目工程指挥部,机电,自施,0
U_ORG_XM_WXXZBDT,无锡芯卓半导体产业化建设,机电,自施,6118290.21
U_ORG_XM_WXZGCRJYEQ,无锡中关村软件园太湖分园二期,机电,自施,1178151.56
U_ORG_XM_WXZGCZZ,无锡中关村软件园住宅,机电,自施,0
U_ORG_XM_XALXHJD,西安利星行酒店,机电,自施,23531265.58
U_ORG_XM_XARCWSZZ,容城县农村生活污水综合整治项目（EPC）一标,机电,自施,0
U_ORG_XM_XASXBDTRQUT,西安三星半导体二期UT栋,机电,自施,0
U_ORG_XM_XASXCF,西安三星半导体FAB厂房,机电,自施,0
U_ORG_XM_XAXQRDPQ,河北建投雄安·金湖未来城项目一第二标段,机电,自施,33423814.25
U_ORG_XM_XAYLAZF,西安阎良三四七区安置房,机电,自施,702971.53
U_ORG_XM_XAYSWCYJD,西安奕斯伟硅产业基地,机电,自施,0
U_ORG_XM_XAZSSGX,雄安高铁站片区外部输水管线,机电,自施,651406.21
U_ORG_XM_XCQ9HZCB,北京西城区金融大街9号商业办公扩建（总承包）,机电,自施,0
U_ORG_XM_XDWLEQ,北京西大望路二期,机电,自施,0
U_ORG_XM_XGLSYJR,北京霞光里5号、6号商业金融,机电,自施,-588900.33
U_ORG_XM_XJCAZF,北京新机场安置房,机电,自施,0
U_ORG_XM_XJCXXZX,北京新机场信息中心,机电,自施,805236.54
U_ORG_XM_XJK1H,北京新街口1号工程,机电,自施,37780850.63
U_ORG_XM_XMTBSCX,厦门天马显示科技有限公司第6代柔性AMOLED生产线,机电,自施,1666963.58
U_ORG_XM_XZMGZ,北京西直门南小街115号综合维修改造,机电,自施,0
U_ORG_XM_XZWKFCZGJD,徐州万科翡翠之光机电,机电,自施,19714691.72
U_ORG_XM_XZWKTSLJD,徐州万科铜山路项目A地块商业机电,机电,自施,17090869.22
U_ORG_XM_XZYLH,徐州云龙湖悦府三期,机电,自施,0
U_ORG_XM_YCXJTJ,运城新建铜基新材料基地,机电,自施,7492579.13
U_ORG_XM_YDDSGZ,北京盈都大厦D座室内外装修改造,机电,自施,9039157.56
U_ORG_XM_YFKYL,永丰Ⅱ-11地块科研办公楼,机电,自施,0
U_ORG_XM_YJSGZ,北京电信亦庄云计算改造,机电,自施,2846533.88
U_ORG_XM_YTABND,烟台爱博诺德医用材料生产,机电,自施,24544791.07
U_ORG_XM_YTBDT,烟台智路联测半导体,机电,自施,0
U_ORG_XM_YXHE2DK,北京怀柔区雁栖湖柏崖厂村E2地块,机电,自施,4618735.69
U_ORG_XM_YYZXGZSQ,北京国家游泳中心改造三期,机电,自施,11971828.99
U_ORG_XM_YZYJSZX,北京亦庄云计算中心,机电,自施,0
U_ORG_XM_Z13SYJR,北京CBD核心区Z13地块商业金融,机电,自施,0
U_ORG_XM_ZBALBBFDJD,张北阿里巴巴数据中心F栋机电,机电,自施,2411375.18
U_ORG_XM_ZBALBBSJZXJD,张北阿里巴巴数据中心机电,机电,自施,7247015.37
U_ORG_XM_ZBALBBSJZXJDXET,张北阿里巴巴数据中心机电小二台,机电,自施,8172596.18
U_ORG_XM_ZBSJZX,张北数据中心2A3总承包工程,机电,自施,3056583.69
U_ORG_XM_ZGRNJCYGZ,北京最高人民检察院西区改造,机电,自施,0
U_ORG_XM_ZGZKT,北京Z15中国尊高区空调,机电,自施,12208868.77
U_ORG_XM_ZHCSXW,珠海醋酸纤维有限公司搬迁扩建,机电,自施,0
U_ORG_XM_ZHGCSQ,中海广场项目三期K地块,机电,自施,0
U_ORG_XM_ZHHFGC,珠海华发广场,机电,自施,3060202.62
U_ORG_XM_ZHJFBG,北京总后京丰宾馆老客房楼改造,机电,自施,0
U_ORG_XM_ZHZLSZ,珠海臻林山庄,机电,自施,0
U_ORG_XM_ZHZWKCZX,珠海正威科创中心,机电,自施,0
U_ORG_XM_ZJHFXCHY,湛江华发新城花园,机电,自施,14397767.69
U_ORG_XM_ZJKQSMZ,张家口下花园浅山名筑住宅小区,机电,自施,1461695.07
U_ORG_XM_ZJKTXHL,张家口腾讯怀来瑞北云数据中心,机电,自施,11183697.42
U_ORG_XM_ZLDDDDK,天津中粮大道一期D地块,机电,自施,0
U_ORG_XM_ZLKJY,中粮科技园标准厂房,机电,自施,1478617.79
U_ORG_XM_ZLKJYEQ,北京中粮科技园标准厂房二期,机电,自施,442415.48
U_ORG_XM_ZQTXYJS,重庆腾讯云计算中心,机电,自施,0
U_ORG_XM_ZSJMDK,北京招商嘉铭10地块商业办公,机电,自施,0
U_ORG_XM_ZSYH,中山宇宏健康花城二期四段,机电,自施,0
U_ORG_XM_ZZCNSQ,郑州智能骨干网航空港区三期,机电,自施,29855183.95
U_ORG_XM_ZZHK,郑州海康威视科技园,机电,自施,0
U_ORG_XM_ZZJYJD,郑州市建业拾捌壹期机电,机电,自施,71339901.74
U_ORG_XM_ZZJYZX,郑州建业中心,机电,自施,683307.62
U_ORG_XM_ZZQLY,涿州阿里云计算数据中心,机电,自施,0
U_ORG_XM_ZZWKGC,北京住总·万科广场,机电,自施,0
U_ORG_XM_AHWHYJSYY,安徽芜湖皖南医学院弋矶山医院,土建,指定,0
U_ORG_XM_AHZWCF,安徽忠旺厂房,土建,指定,0
U_ORG_XM_AJXXZSDCBDXMP4BD,埃及新行政首都CBD项目P4标段,土建,指定,0
U_ORG_XM_ASJGS,鞍山市公安局监管场所新建,土建,指定,0
U_ORG_XM_BDFZJXL,北京大学新建附属中学北校区综合教学楼,土建,指定,0
U_ORG_XM_BDKYL,北京大学教学科研楼,土建,指定,484666.77
U_ORG_XM_BDTSGGZ,北京大学图书馆改造,土建,指定,0
U_ORG_XM_BJAN4D,北京奥南4#地,土建,指定,0
U_ORG_XM_BJAZKYL,北京A座科研楼,土建,指定,0
U_ORG_XM_BJCBDSYJR,北京市CBD核心区Z2b地块商业金融,土建,指定,0
U_ORG_XM_BJDCBGLGKJ,北京东城办公楼改扩建,土建,指定,41334041.74
U_ORG_XM_BJDXHXYEQDL,北京大学化学学院E区大楼,土建,指定,0
U_ORG_XM_BJFSHFZYGY,北京房山华发中央公园,土建,指定,53525621.61
U_ORG_XM_BJFSLHXYTJ,北京房山龙湖熙悦天街,土建,指定,560684.13
U_ORG_XM_BJFZDSZX,北京凤展大厦装修工程,土建,指定,0
U_ORG_XM_BJFZKYLJD,北京纺织科研楼实验楼机电,土建,指定,0
U_ORG_XM_BJGAZXGZ,北京港澳中心改造,土建,指定,35439431.53
U_ORG_XM_BJGJKJCBZX,北京国家科技传播中心,土建,指定,0
U_ORG_XM_BJGLYSQ03_31,北京高丽营三期03-31地块,土建,指定,0
U_ORG_XM_BJGMGYGZ,北京国贸公寓改造,土建,指定,0
U_ORG_XM_BJHLDS,北京华力国际大厦,土建,指定,0
U_ORG_XM_BJHPC,北京和平村,土建,指定,0
U_ORG_XM_BJHQDJQJT,北京环球度假区（集团）,土建,指定,0
U_ORG_XM_BJHQGYDJQ,北京环球度假区,土建,指定,36148985.68
U_ORG_XM_BJHQNYZX,北京环球能源中心,土建,指定,0
U_ORG_XM_BJHQZTGY,北京环球主题公园,土建,指定,55125267.75
U_ORG_XM_BJHRZGCCZZ,北京怀柔张各长村住宅,土建,指定,5719976.27
U_ORG_XM_BJHSMZXGZ,北京火神庙商业中心改造,土建,指定,0
U_ORG_XM_BJJCBDT,北京精测半导体设备及准分子激光器,土建,指定,0
U_ORG_XM_BJJGMBGLGJ,北京建国门办公楼改建工程,土建,指定,1736761.99
U_ORG_XM_BJKTDX,北京凯特大厦,土建,指定,-19236513.21
U_ORG_XM_BJLZJRSWQ,北京丽泽金融商务区E-13、E-14地块,土建,指定,0
U_ORG_XM_BJLZJRSWQJ,北京丽泽金融商务区E区13、14地块项目[局集团],土建,指定,0
U_ORG_XM_BJNHHS,北京新机场南航航空食品设施,土建,指定,0
U_ORG_XM_BJODBSMZX,北京欧德宝商贸中心,土建,指定,0
U_ORG_XM_BJPAE05DK,北京平安金融中心E05地块,土建,指定,0
U_ORG_XM_BJQMCQGZ,北京前门B2B3地块重启后改造工程,土建,指定,0
U_ORG_XM_BJSKWKJD,北京首开万科天地机电,土建,指定,0
U_ORG_XM_BJSMYJSKJ,北京生命科学研究所扩建,土建,指定,0
U_ORG_XM_BJSYHSYGYCQF,北京顺义后沙峪共有产权房,土建,指定,136673870.8
U_ORG_XM_BJSYMTZ,北京顺义马头庄,土建,指定,5104594.54
U_ORG_XM_BJTGLGZ,北京太古里改造,土建,指定,0
U_ORG_XM_BJTKSQ,北京泰康之家燕园三期,土建,指定,0
U_ORG_XM_BJTLDYQ,北京天利德一期厂房,土建,指定,0
U_ORG_XM_BJTZWG,北京通州网络安全技术研发厂房,土建,指定,0
U_ORG_XM_BJWJBGLSQ,北京望京办公楼三期,土建,指定,360856.98
U_ORG_XM_BJWKFCGYJD,北京万科翡翠公园机电,土建,指定,0
U_ORG_XM_BJWKQXS,北京万科七橡墅,土建,指定,3768620.62
U_ORG_XM_BJWKWX,北京万科望溪,土建,指定,1133193.14
U_ORG_XM_BJWKZYC,北京祥筑万科长阳中央城,土建,指定,0
U_ORG_XM_BJWLCXX,北京未来城学校,土建,指定,0
U_ORG_XM_BJWLCXXZB,北京未来城学校总承包,土建,指定,25601276.67
U_ORG_XM_BJXHBX,北京新华保险大厦改造,土建,指定,0
U_ORG_XM_BJXHFTFKT,北京西华府商办楼通风空调工程,土建,指定,0
U_ORG_XM_BJXJCGL,北京新机场道路及综合管廊,土建,指定,92267.4
U_ORG_XM_BJXSJDAZF,北京香山军队安置房,土建,指定,511020
U_ORG_XM_BJXXCXY,中国电信北京信息科技创新园工程,土建,指定,0
U_ORG_XM_BJXXCXYEQ,中国电信北京信息科技创新园科研数据中心,土建,指定,15504573.24
U_ORG_XM_BJXYDHLWJD,北京新一代互联网云计算产创基地机电,土建,指定,0
U_ORG_XM_BJYABGZX,北京永安宾馆装修,土建,指定,1284001.38
U_ORG_XM_BJYCCF,北京盈创2#厂房等5项,土建,指定,2227100.61
U_ORG_XM_BJYDHHHLJZL,北京永定河混合垃圾治理,土建,指定,0
U_ORG_XM_BJYYYH,北京远洋瀛海,土建,指定,7052584.2
U_ORG_XM_BJZ12TKJD,北京Z12泰康大厦机电工程,土建,指定,0
U_ORG_XM_BJZCCF,北京中钞厂房,土建,指定,3460398.86
U_ORG_XM_BJZGYD,北京中国移动博瑞琪大厦装修改造,土建,指定,0
U_ORG_XM_BJZSJD,北京招商嘉铭酒店,土建,指定,0
U_ORG_XM_BJZSJM,北京嘉铭珑原07-01办公商业,土建,指定,0
U_ORG_XM_BJZXZS,北京中芯北方BO2剩余楼层装修,土建,指定,0
U_ORG_XM_BJZYLHC,北京张仪-莲花池π入岳各庄220千伏线路,土建,指定,0
U_ORG_XM_BQDLZCJD,北汽动力总成基地项目（一期）二标段,土建,指定,0
U_ORG_XM_BQSTLGZF,北京顺义新城第4街区保障性住房,土建,指定,4778212.6
U_ORG_XM_BZDERMYY,山东滨州第二人民医院西院区,土建,指定,3751244.33
U_ORG_XM_BZGZSYXX,巴中光正实验学校,土建,指定,0
U_ORG_XM_BZSYLXQ,霸州市云庐小区住宅,土建,指定,0
U_ORG_XM_CDCHQSPZZ,成都成华区跳蹬河南路9号新建商品住宅项目一期,土建,指定,0
U_ORG_XM_CDCHQSPZZSQ,成都成华区跳蹬河南路9号新建商品住宅项目三期,土建,指定,0
U_ORG_XM_CDDJBX,成都大家保险金融广场机电,土建,指定,0
U_ORG_XM_CDDTAZF,成都青白江区大同集中安置房(二期),土建,指定,0
U_ORG_XM_CDDYHQJBZ,成都大运会安居保障EPC,土建,指定,0
U_ORG_XM_CDGJTLGZLZX,成都国际铁路港展览中心,土建,指定,0
U_ORG_XM_CDHJSSJ,成都黄甲尚善居C区,土建,指定,0
U_ORG_XM_CDJDF6DX,成都京东方第6代生产线,土建,指定,0
U_ORG_XM_CDJDFCK,成都京东方第6代柔性AMOLED触控一体化显示器件,土建,指定,4672087.76
U_ORG_XM_CDJDFCKFZ,成都京东方第6代柔性AMOLED触控一体化显示器件（发展）,土建,指定,0
U_ORG_XM_CDJDFGYZX,成都京东方AMOLED工艺技术测试中心,土建,指定,348600.44
U_ORG_XM_CDJDFJD,成都京东方第6代生产线机电A标段,土建,指定,0
U_ORG_XM_CDJNRCGY,成都金牛人才公寓,土建,指定,0
U_ORG_XM_CDJTWFPPP,成都金堂县五凤镇新型城镇化PPP项目,土建,指定,0
U_ORG_XM_CDJTWFPPPJT,成都金堂县五凤镇新型城镇化PPP（集团）,土建,指定,0
U_ORG_XM_CDJXJC,成都锦绣江城EPC,土建,指定,0
U_ORG_XM_CDLTGC,成都乐天广场,土建,指定,4228787.65
U_ORG_XM_CDPJSQZHT,成都蒲江鹤山街道办社区综合体,土建,指定,0
U_ORG_XM_CDQBJPPPFJ,成都青白江区PPP·房建,土建,指定,0
U_ORG_XM_CDQBJPPPSZ,成都青白江区PPP·市政,土建,指定,0
U_ORG_XM_CDQBJPPPSZFZ,成都青白江区PPP·市政（发展）,土建,指定,0
U_ORG_XM_CDQXYG,成都千行云谷,土建,指定,0
U_ORG_XM_CDSJZAZF,成都青白江区大同集中安置房,土建,指定,0
U_ORG_XM_CDSLZHKF,成都双流TOD综合开发,土建,指定,0
U_ORG_XM_CDTDJD,成都泰达时代中心机电,土建,指定,0
U_ORG_XM_CDTFC,成都江宇天府城,土建,指定,0
U_ORG_XM_CDTHTFLZX,成都泰和泰国际法律服务中心,土建,指定,0
U_ORG_XM_CDWJQBLT,成都温江区BLT,土建,指定,4981553.25
U_ORG_XM_CDWJQBLTFZ,成都温江区BLT（发展）,土建,指定,0
U_ORG_XM_CDWJRX,成都温江区蓉西新城新居B区,土建,指定,0
U_ORG_XM_CDXDAZF,成都新都区成青苑及桂荷馨苑小区,土建,指定,0
U_ORG_XM_CDXJYBF,成都新津御宾府,土建,指定,0
U_ORG_XM_CDXXLJEQ,成都香榭林居二期,土建,指定,0
U_ORG_XM_CDYSDC,成都528艺术东村产业展示,土建,指定,0
U_ORG_XM_CDYSW,成都奕斯伟板级封装系统集成电路,土建,指定,0
U_ORG_XM_CDZG,成都紫光存储器制造基地,土建,指定,0
U_ORG_XM_CDZGSF,成都中国商飞民机示范产业园二期,土建,指定,34802520.47
U_ORG_XM_CDZHYHSY,成都中海·御湖世家,土建,指定,0
U_ORG_XM_CDZLLYJY,成都中粮·珑悦锦云,土建,指定,0
U_ORG_XM_CDZYFSYY,成都中医大附属第二医院,土建,指定,0
U_ORG_XM_CDZYFSYYFZ,成都中医大附属第二医院(发展),土建,指定,0
U_ORG_XM_CHOFG,巢湖欧菲光光学光电产业基地建设,土建,指定,0
U_ORG_XM_CPXQGZ,北京大学昌平新校区宿舍楼装修改造,土建,指定,0
U_ORG_XM_CQHFBJSJ,重庆华发·滨江四季,土建,指定,734396.93
U_ORG_XM_CQHXZZ,重庆华熙LIVE·鱼洞住宅,土建,指定,0
U_ORG_XM_CQJDF6AMOLED,重庆京东方第6代AMOLED柔性生产线,土建,指定,177991511.4
U_ORG_XM_CQLJKGWLY,重庆两江空港物流园,土建,指定,0
U_ORG_XM_CQSKHLSEQ,重庆SK海力士二期,土建,指定,0
U_ORG_XM_CQTXEQ,重庆腾讯云计算中心二期,土建,指定,0
U_ORG_XM_CQTXEQXF,重庆腾讯云计算中心二期消防工程,土建,指定,0
U_ORG_XM_CQTXXF,重庆腾讯云计算中心一期消防工程,土建,指定,0
U_ORG_XM_CQTYZX,重庆巴南体育中心,土建,指定,0
U_ORG_XM_CQWSCLC,重庆水土污水处理厂三期扩建,土建,指定,0
U_ORG_XM_CQYCZCZGZN,重庆永川中船重工智能制造产业园,土建,指定,0
U_ORG_XM_CQYDTYG,重庆华熙LIVE·鱼洞体育馆,土建,指定,0
U_ORG_XM_CQYSCN,重庆亚士创能长寿综合制造基地,土建,指定,0
U_ORG_XM_CQYYSZXZ,重庆云阳数智森林小镇产业园区(一期)EPC,土建,指定,0
U_ORG_XM_CYJZQ,北京常营大型居住区三期,土建,指定,0
U_ORG_XM_CYMSHJC,北京朝阳门SOHO中心南区商业加层,土建,指定,0
U_ORG_XM_CYMSOHOSQ,银河搜候中心（朝阳门SOHO三期）,土建,指定,0
U_ORG_XM_CZHK,滁州惠科第8.6代薄膜晶体管液晶显示器件,土建,指定,0
U_ORG_XM_CZQLDXF,常州青龙西路定销房,土建,指定,0
U_ORG_XM_CZXBQZZ,常州市新北区住宅EPC,土建,指定,0
U_ORG_XM_CZXBQZZFZ,常州市新北区住宅EPC(发展),土建,指定,0
U_ORG_XM_D11DTFT_SZHXGD11D,深圳华星光电第11代TFT-LCD及AMOLED新型显示器件,土建,指定,0
U_ORG_XM_DGHWSYS,东莞华为研发实验室一期,土建,指定,0
U_ORG_XM_DGOPPOJD,东莞OPPO滨海湾数据中心机电,土建,指定,0
U_ORG_XM_DGXTC,东莞小天才生产中心,土建,指定,0
U_ORG_XM_DJYJL,都江堰锦庐-4期房地产开发,土建,指定,0
U_ORG_XM_DLGWJ,大连港湾街二号地块,土建,指定,-333223.19
U_ORG_XM_DLXHW,大连星海湾壹号二期,土建,指定,0
U_ORG_XM_DQBYNKDX,大庆市八一农垦大学基础教学实验楼,土建,指定,0
U_ORG_XM_DQYGLQLHJJGC,大庆豫港龙泉铝合金加工材,土建,指定,0
U_ORG_XM_DTZLDSJ,大同中联绿色大数据产业基地,土建,指定,0
U_ORG_XM_DWLZCZF,西大望路政策性住房,土建,指定,0
U_ORG_XM_DXJCZSQAZF,北京大兴国际机场噪声区安置房,土建,指定,22571055.53
U_ORG_XM_DXKAZFJZHZZ,北京东小口安置住房及综合整治,土建,指定,0
U_ORG_XM_DXZBDQ,北京大兴17#地项目（东区）,土建,指定,0
U_ORG_XM_DYDWDYMYY,德阳市人民医院城北第五代医院,土建,指定,0
U_ORG_XM_EEDSYSGD,鄂尔多斯源盛光电第5.5代AM-OLED,土建,指定,0
U_ORG_XM_ELSTLHFCJ,俄罗斯图拉州哈弗发动机车间,土建,指定,0
U_ORG_XM_FJ6AMOLED,福州第6代AMOLED柔性生产线,土建,指定,0
U_ORG_XM_FJJHCCQSCX,福建省晋华集成电路有限公司存储器生产线,土建,指定,22052371.52
U_ORG_XM_FLBMPEGLFXC,菲律宾梅普尔格罗夫新城第一项目,土建,指定,0
U_ORG_XM_FLBXGLLDS,菲律宾香格里拉大厦,土建,指定,0
U_ORG_XM_FNWSCLC,丰宁污水处理厂扩容提标改造及配套管网,土建,指定,0
U_ORG_XM_FSJHGCEQ,佛山捷和广场二期,土建,指定,0
U_ORG_XM_FSJRJRCHY,佛山金融街融辰花园,土建,指定,0
U_ORG_XM_FSJRJSD,佛山金融街顺德陈村,土建,指定,0
U_ORG_XM_FSJRJSS,佛山金融街三水,土建,指定,0
U_ORG_XM_FSJXLJHY,佛山建鑫乐家花园,土建,指定,0
U_ORG_XM_FSLC,佛山绿城,土建,指定,-5130567.84
U_ORG_XM_FSLQG,佛山国际体育文化演艺中心,土建,指定,0
U_ORG_XM_FSLSHLYZL,佛山市南海区里水河流域治理,土建,指定,151063326.8
U_ORG_XM_FSSDGZSYXX,佛山顺德光正实验学校,土建,指定,0
U_ORG_XM_FSSDYXQ,佛山市东亚项目西区EPC,土建,指定,0
U_ORG_XM_FSYCZD,佛山怡翠尊堤嘉园D2区,土建,指定,0
U_ORG_XM_FSYGBJSQGZ,佛山市原干部家属区部分政府旧物业修缮改造,土建,指定,0
U_ORG_XM_FXMNWGQ,复兴门内危改区4·2号地项目空调系统工程,土建,指定,0
U_ORG_XM_FZJDF,福州第8.5代新型半导体显示器件生产线,土建,指定,0
U_ORG_XM_FZJDFJD,福州第8.5代新型半导体显示器件生产线机电,土建,指定,0
U_ORG_XM_GCBS38DK,北京观承别墅03-38地块二标段,土建,指定,0
U_ORG_XM_GDGSZYXY,广东工商职业学院体育馆·图书馆,土建,指定,0
U_ORG_XM_GDHYAL,广东阿里巴巴云计算数据中心河源源城区项目,土建,指定,0
U_ORG_XM_GDHYALEQ,广东阿里巴巴云计算数据中心河源源城区二期项目,土建,指定,0
U_ORG_XM_GDHYJDEQ,广东阿里巴巴云计算数据中心河源江东二期,土建,指定,0
U_ORG_XM_GDHYSQ,广东阿里巴巴云计算数据中心河源源城区三期项目,土建,指定,0
U_ORG_XM_GDHYSQJD,广东阿里巴巴云计算数据中心河源源城区三期机电,土建,指定,0
U_ORG_XM_GJNYQXZX,国际农业科技创新中心,土建,指定,0
U_ORG_XM_GMDLGZ,北京国贸东楼改造及交通一体化,土建,指定,0
U_ORG_XM_GMSQB,北京中国国际贸易中心三期B阶段工程,土建,指定,0
U_ORG_XM_GRGCJD,北京国锐广场机电,土建,指定,0
U_ORG_XM_GSQYZDYQ,甘肃庆阳正大一期,土建,指定,0
U_ORG_XM_GXNNDXCFJF,广西南宁电信东盟信息园动力中心柴发机房,土建,指定,0
U_ORG_XM_GYHYZCF,中建（天津）工业化建筑公司预制厂房,土建,指定,0
U_ORG_XM_GYSGZFYYYJD,贵阳市贵州妇女儿童国际医院机电,土建,指定,0
U_ORG_XM_GYWK,贵阳万科劲嘉大都会商业综合体,土建,指定,0
U_ORG_XM_GZALBB,广州阿里巴巴华南运营中心,土建,指定,0
U_ORG_XM_GZBLSYL,广州保利三元里,土建,指定,576921.8
U_ORG_XM_GZBYHYC,广州黄石路白云汇广场影城,土建,指定,0
U_ORG_XM_GZCSJ,广州超视堺第10.5代TFT-LCD显示器件生产线,土建,指定,0
U_ORG_XM_GZCSJFZ,广州超视堺第10.5代TFT-LCD显示器件生产线（发展）,土建,指定,0
U_ORG_XM_GZKNBLC,广州第10.5代TFT-LCD显示器生产线玻璃工厂建设,土建,指定,0
U_ORG_XM_GZLGDDGC,广州LG-Display-D工程,土建,指定,0
U_ORG_XM_GZLGGP3,广州LG Display GP3,土建,指定,0
U_ORG_XM_GZPY,广州金融街番禺市桥,土建,指定,0
U_ORG_XM_GZWXN,广州维信诺第6代柔性AMOLED模组生产线,土建,指定,0
U_ORG_XM_GZWXNJD,广州维信诺第6代柔性AMOLED模组生产线机电,土建,指定,0
U_ORG_XM_GZXYNBDT,广州芯粤能半导体,土建,指定,0
U_ORG_XM_GZYLSQ,广州养老社区项目示范区工程,土建,指定,0
U_ORG_XM_GZYXBDT,广州粤芯半导体,土建,指定,3211009.29
U_ORG_XM_HAXJCF,淮安第三园区新建厂房,土建,指定,0
U_ORG_XM_HBGAYG,河北固安第6代有源矩阵AMOLED面板生产线,土建,指定,0
U_ORG_XM_HBGAYGFZ,河北固安第6代有源矩阵AMOLED面板生产线（发展）,土建,指定,0
U_ORG_XM_HBGAZSJD,河北固安第6代有源矩阵AMOLED面板生产线装饰机电,土建,指定,0
U_ORG_XM_HBXYZDYQ,湖北襄阳正大一期,土建,指定,0
U_ORG_XM_HEBHRHLS,哈尔滨华润·欢乐颂,土建,指定,0
U_ORG_XM_HEBHRXFL,哈尔滨华润·幸福里,土建,指定,0
U_ORG_XM_HEBSZCYY,哈尔滨深圳产业园科创总部,土建,指定,43489116.72
U_ORG_XM_HEBZGBY,哈尔滨中国北药智慧产业新城A1地块,土建,指定,40126475.29
U_ORG_XM_HFCX,合肥长鑫12吋存储器晶圆制造基地项目一期改扩建,土建,指定,0
U_ORG_XM_HFDC,合肥鼎材新型显示配套高端电子材料生产基地,土建,指定,0
U_ORG_XM_HFJDFSDWD,合肥京东方第10.5代薄膜晶体管液晶显示器件（TFT-LCD）,土建,指定,0
U_ORG_XM_HFJHTJ,合肥晶合二厂厂务及配套项目L40土建,土建,指定,0
U_ORG_XM_HFLXYFJD,合肥联想研发基地,土建,指定,0
U_ORG_XM_HFSY,合肥视涯OLED微型显示器件厂,土建,指定,0
U_ORG_XM_HFV3,合肥维信诺第六代AMOLED生产线,土建,指定,0
U_ORG_XM_HFV3FZ,合肥维信诺第六代AMOLED生产线（发展）,土建,指定,0
U_ORG_XM_HFYJCLCJ,合肥邮件处理车间,土建,指定,0
U_ORG_XM_HFYJCLCJFZ,合肥邮件处理车间（发展）,土建,指定,0
U_ORG_XM_HFZJCF,合肥整机智能制造生产线,土建,指定,0
U_ORG_XM_HHHTKDJD,呼和浩特凯德广场·诺和木勒改造项目机电,土建,指定,0
U_ORG_XM_HJDYH,北京花家地一号,土建,指定,0
U_ORG_XM_HJJYSSZYYZX,上海黄金交易所深圳运营中心,土建,指定,0
U_ORG_XM_HKKGBSQ,海口空港综合保税区监管设施,土建,指定,0
U_ORG_XM_HKT,海口塔,土建,指定,0
U_ORG_XM_HKTSZ,海口塔南塔试桩工程,土建,指定,0
U_ORG_XM_HKYSDEQ,北京鸿坤云时代二期,土建,指定,0
U_ORG_XM_HMHT,后帽胡同23号翻、扩建工程,土建,指定,0
U_ORG_XM_HNAYZZC,河南安阳内黄正大一期,土建,指定,0
U_ORG_XM_HNRCJFGZ,北京华能人才基地B栋实验楼数据机房改造,土建,指定,0
U_ORG_XM_HNTZDS,北京湖南投资大厦,土建,指定,8866652.19
U_ORG_XM_HNWYBWH,河南舞阳北外环,土建,指定,0
U_ORG_XM_HNXYSWBG,河南新乡中蓝商务地块自持办公,土建,指定,0
U_ORG_XM_HNYGDSJ,淮南云谷大数据产业园(B地块),土建,指定,0
U_ORG_XM_HSQY,呼和浩特群众艺术馆,土建,指定,0
U_ORG_XM_HTDXJSSS,北京航天工程大学军事设施建设,土建,指定,0
U_ORG_XM_HXGDAZB,华星光电第8.5代TFT-LCD A标段施工总承包,土建,指定,0
U_ORG_XM_HXGDAZBJD,华星光电第8.5代TFT-LCD（综合）,土建,指定,0
U_ORG_XM_HZALYZB,杭州阿里云计算公司总部,土建,指定,186302114
U_ORG_XM_HZCNYG,杭州菜鸟西湖云谷产业园,土建,指定,0
U_ORG_XM_HZDTSHX,杭州地铁3号线一期工程星桥车辆段,土建,指定,0
U_ORG_XM_HZHKGD,杭州海康高端安防产品及红外传感芯片研发、产业化,土建,指定,0
U_ORG_XM_HZHKWSSQ,杭州海康威视智能安检产品产业化基地,土建,指定,0
U_ORG_XM_HZHPDX,杭州湖畔大学,土建,指定,0
U_ORG_XM_HZLXYTC,杭州理想银泰城,土建,指定,0
U_ORG_XM_HZRHALY,杭州仁和阿里云计算数据中心,土建,指定,0
U_ORG_XM_HZXLW,广东惠州金融街巽寮湾海世界,土建,指定,0
U_ORG_XM_HZZX,杭州中芯晶圆半导体股份有限公司半导体大硅片（200mm、300mm）,土建,指定,0
U_ORG_XM_JCGJD,晋城光机电产业园一期项目EPC总承包,土建,指定,0
U_ORG_XM_JJHCZGCGZ,九江火车站广场及滨江路改造,土建,指定,0
U_ORG_XM_JJXJKSLYQ,九江新建快速路一期,土建,指定,69251592.41
U_ORG_XM_JL43015GC,吉林省43015-3EPC,土建,指定,0
U_ORG_XM_JLMHKKMWLY,吉林梅河口康美医疗健康中心物流园,土建,指定,0
U_ORG_XM_JLMHKKMYLY,吉林梅河口康美医疗健康中心医疗园,土建,指定,-1432232.64
U_ORG_XM_JLMHKKMYYY,吉林梅河口康美医疗健康中心医养园,土建,指定,0
U_ORG_XM_JMHFSJ,江门华发四季,土建,指定,0
U_ORG_XM_JRJAG,金融街A5改扩建,土建,指定,0
U_ORG_XM_JRJHZQ,广州金融街海珠区石岗路,土建,指定,0
U_ORG_XM_JRJYTZX,北京金融街（月坛）中心,土建,指定,0
U_ORG_XM_JSLYSDSQ,江苏先进动力电池产业化项目（二期）一标段,土建,指定,0
U_ORG_XM_JSXHLZX,嘉兴市嘉善县健康护理中心,土建,指定,0
U_ORG_XM_JSZJLXCF,江苏镇江力信锂电池研发及产业化工程,土建,指定,0
U_ORG_XM_JXGQGC,嘉兴港区滨海中央广场项目二期EPC,土建,指定,1884109.77
U_ORG_XM_JXJSSDY,嘉兴市嘉善善东苑公寓房,土建,指定,0
U_ORG_XM_JXSWZX,北京京西商务中心（西区）商业金融用地,土建,指定,0
U_ORG_XM_JXWHZX,嘉兴市文化艺术中心,土建,指定,51316596.03
U_ORG_XM_JXWLCC,嘉兴综合保税区物流仓储,土建,指定,0
U_ORG_XM_JXYL,北京绿城西山燕庐,土建,指定,0
U_ORG_XM_JYWKC,金隅万科城A1地块综合体,土建,指定,0
U_ORG_XM_KSLFGD,昆山龙飞光电有限公司厂房一期土建工程,土建,指定,0
U_ORG_XM_KSYDGJ,昆山友达L6K厂房改建,土建,指定,0
U_ORG_XM_LFYQWK,廊坊永清紫晶翡丽,土建,指定,0
U_ORG_XM_LGYZZSPF,北京来广营北路自住型商品房,土建,指定,0
U_ORG_XM_LNTSLGC,辽宁天士力现代中药示范工厂,土建,指定,0
U_ORG_XM_LNTSLSRGZ,辽宁天士力参茸厂区改造,土建,指定,0
U_ORG_XM_LXHGZ,北京利星行中心改造,土建,指定,158219.69
U_ORG_XM_LXHZX,北京利星行中心(文化交流中心),土建,指定,0
U_ORG_XM_LXHZXEQ,北京利星行中心二期,土建,指定,0
U_ORG_XM_LXZBEQ,北京联想总部园区二期,土建,指定,4195895.76
U_ORG_XM_LXZBYQ,北京联想总部园区一期,土建,指定,0
U_ORG_XM_LYSTYLJLH,洛阳隋唐园立交亮化,土建,指定,0
U_ORG_XM_LYSTYLJLHJT,洛阳隋唐园立交亮化(集团),土建,指定,0
U_ORG_XM_LYZDYQ,洛阳正大一期,土建,指定,0
U_ORG_XM_LZSOHOJD,北京丽泽soho机电,土建,指定,0
U_ORG_XM_MSKHMY,莫斯科中国贸易中心,土建,指定,28057830
U_ORG_XM_MTGBL,北京门头沟保利首开自住房,土建,指定,0
U_ORG_XM_MTGBLXX,北京门头沟保利小学,土建,指定,0
U_ORG_XM_MYJDF,绵阳京东方第6代AMOLED柔性生产线,土建,指定,22931733.09
U_ORG_XM_MYWSCLC,绵阳永兴污水处理厂扩建,土建,指定,0
U_ORG_XM_MYZXXZ,绵阳市中心血站迁建,土建,指定,0
U_ORG_XM_MYZZ,北京密云项目住宅,土建,指定,0
U_ORG_XM_NCGXWDZ,南昌高新微电子科技园,土建,指定,0
U_ORG_XM_NCJKQJD,南昌经开区LED电子信息孵化示范基地机电,土建,指定,0
U_ORG_XM_NCSSMZXJD,南昌市市民中心建设工程机电,土建,指定,0
U_ORG_XM_NGZCXQ,北京石景山区南宫住宅小区,土建,指定,0
U_ORG_XM_NJHSXFDJC,南京华夏幸福大校场项目G地块,土建,指定,0
U_ORG_XM_NJHXC,南京海峡城E地块住宅,土建,指定,0
U_ORG_XM_NJKGZNGGW,南京空港智能骨干网,土建,指定,566037.74
U_ORG_XM_NJTJD,南京台积电12吋晶圆厂与设计服务中心一期,土建,指定,0
U_ORG_XM_NJTS,南京腾讯华东云计算基地,土建,指定,0
U_ORG_XM_NJYZJG29DK,南京燕子矶G29B地块,土建,指定,78329868.54
U_ORG_XM_NJZGJCDLJD,南京紫光集成电路基地,土建,指定,0
U_ORG_XM_NTALYJS,南通阿里云计算数据中心,土建,指定,0
U_ORG_XM_NTJH,南通江海阿里云计算数据中心,土建,指定,0
U_ORG_XM_NTJSY,南通金属园阿里云计算数据中心,土建,指定,0
U_ORG_XM_NTRCGSD1,通锡高速公路海门至通州段TXGS-LJ3项目部第1分部,土建,指定,160377.36
U_ORG_XM_NTRCGSD2,通锡高速公路海门至通州段TXGS-LJ3项目部第2分部,土建,指定,0
U_ORG_XM_NTRCGSD3,通锡高速公路海门至通州段TXGS-LJ3项目部第3分部,土建,指定,160377.36
U_ORG_XM_NTRCGSZHB,通锡高速公路海门至通州段TXGS-LJ3,土建,指定,0
U_ORG_XM_PAGJJRZX,深圳平安国际金融中心（局集团）,土建,指定,32227099.03
U_ORG_XM_PAJRZXNT,深圳平安金融中心南塔,土建,指定,0
U_ORG_XM_PJZW,盘锦忠旺铝业一期一标段A区,土建,指定,-229855.55
U_ORG_XM_QBJWTZX,成都青白江区文化体育中心,土建,指定,0
U_ORG_XM_QBJZHDD,成都青白江区智慧大道,土建,指定,0
U_ORG_XM_QDHFSJ,青岛华发四季,土建,指定,0
U_ORG_XM_QDHNJD,青岛华能信息产业基地机电,土建,指定,0
U_ORG_XM_QDTKZJ,青岛泰康之家养老,土建,指定,0
U_ORG_XM_QDWKFCZJ,青岛万科翡翠长江,土建,指定,0
U_ORG_XM_QDYGYH,青岛阳光·壹号,土建,指定,0
U_ORG_XM_QHBT,北京清华大学北体育馆,土建,指定,17678431.24
U_ORG_XM_QHDLDBDT,秦皇岛礼鼎高端集成电路封装载板智能制造基地,土建,指定,1985112
U_ORG_XM_QHSSM,北京清华大学苏世民书院,土建,指定,0
U_ORG_XM_QZSABDT,泉州三安半导体研发与产业化,土建,指定,0
U_ORG_XM_RHALYEQ,杭州仁和阿里云计算数据中心二期,土建,指定,0
U_ORG_XM_RHYY,北京市仁和医院二期,土建,指定,0
U_ORG_XM_RJZX,北京如家北纬路店装修,土建,指定,0
U_ORG_XM_SCGAFY,四川广安富盈洋房及商业,土建,指定,0
U_ORG_XM_SCGAJDGZ,四川广安富盈酒店机电改造,土建,指定,0
U_ORG_XM_SCGCCYY,四川国际创新设计产业园A地块,土建,指定,0
U_ORG_XM_SCTKXNYY,四川泰康西南医院,土建,指定,0
U_ORG_XM_SDBZZYY,山东滨州中医医院新院,土建,指定,11983735.53
U_ORG_XM_SDJCGZ,北京首都机场2号航站楼改造,土建,指定,212311.48
U_ORG_XM_SDRCGEJD,山东荣成歌尔电子4#厂房、2#动力中心机电,土建,指定,0
U_ORG_XM_SDYKDKYL,北京首都医科大学临床科研楼改造,土建,指定,0
U_ORG_XM_SHGBSH,上海古北SOHO机电工程,土建,指定,0
U_ORG_XM_SHGH,上海国浩长风城二期东地块综合体,土建,指定,0
U_ORG_XM_SHGKBDT,上海格科半导体,土建,指定,0
U_ORG_XM_SHPDAZF1101,上海浦东新区安置房11-01地块,土建,指定,36563653.34
U_ORG_XM_SHPDEQ,上海浦东新区安置房二期,土建,指定,27927669.42
U_ORG_XM_SHTKSYGZ,上海泰康申园一期改造,土建,指定,0
U_ORG_XM_SHTXGKJCF,上海腾讯改扩建厂房,土建,指定,0
U_ORG_XM_SHTY,上海天岳碳化硅半导体材料,土建,指定,0
U_ORG_XM_SHWDNZJD,上海万科南站商务城三期机电,土建,指定,0
U_ORG_XM_SHWKXMJD,上海万科莘闵综合机电,土建,指定,0
U_ORG_XM_SHXYDJD,上海商汤科技新一代人工智能计算和赋能平台机电,土建,指定,0
U_ORG_XM_SJZXJD,北京数据港1号数据中心机电,土建,指定,0
U_ORG_XM_SKWKZX,北京首开万科中心,土建,指定,0
U_ORG_XM_SMDLGZ,北京生命科学实验室改造,土建,指定,0
U_ORG_XM_SMKYDL,北京生命科学科研大楼,土建,指定,0
U_ORG_XM_SRHXLIVEXJYQ,上饶华熙Live·信江一期,土建,指定,0
U_ORG_XM_SXDTZDYQ,山西大同正大一期,土建,指定,0
U_ORG_XM_SXQQJD,绍兴钱清B地块商业机电,土建,指定,0
U_ORG_XM_SXWNZDYQ,陕西渭南澄城正大一期,土建,指定,0
U_ORG_XM_SYFDSJC,沈阳方大·世纪城 01-C 医养项目三标段,土建,指定,0
U_ORG_XM_SYHTWWLJD,三亚海棠湾国际购物中心物流基地,土建,指定,0
U_ORG_XM_SYHXD,三亚海棠湾河心岛,土建,指定,0
U_ORG_XM_SYJLDK,沈阳市沈河区金廊22-1地块,土建,指定,0
U_ORG_XM_SYJLSY,沈阳嘉里A2地块商业,土建,指定,0
U_ORG_XM_SYJLZX,沈阳嘉里中心T1及T4楼,土建,指定,0
U_ORG_XM_SYJLZXBDK,沈阳嘉里中心B地块3a1、3a2期,土建,指定,0
U_ORG_XM_SYJLZXJD,沈阳嘉里中心居住商业（C地块）机电工程,土建,指定,0
U_ORG_XM_SYJLZXJDJJT,沈阳嘉里中心居住商业（C地块）机电工程（局集团）,土建,指定,0
U_ORG_XM_SYJLZXT,沈阳嘉里中心A2地块T2办公楼总承包工程,土建,指定,0
U_ORG_XM_SYJYJD,三亚海棠湾君悦酒店,土建,指定,0
U_ORG_XM_SYLCQYCSQ,沈阳绿城全运村四期,土建,指定,0
U_ORG_XM_SYSKRY,沈阳首开如院,土建,指定,23020214.92
U_ORG_XM_SYSNYG,沈阳苏宁电子商务运营中心(一期),土建,指定,0
U_ORG_XM_SYTK,沈阳泰康之家沈园,土建,指定,0
U_ORG_XM_SYXCD13JQ,北京顺义新城第13街区居住区,土建,指定,8925388.39
U_ORG_XM_SYXSWSQ,沈阳华润橡树湾4期,土建,指定,0
U_ORG_XM_SYZHHPZM,沈阳中海和平之门5.1期,土建,指定,0
U_ORG_XM_SYZHSYEQ,沈阳中海商业二期,土建,指定,0
U_ORG_XM_SYZJCLY,沈阳中集车辆园,土建,指定,0
U_ORG_XM_SZDSDS,深圳达实大厦改扩建,土建,指定,0
U_ORG_XM_SZDXXLXQ,深圳大学西丽校区,土建,指定,0
U_ORG_XM_SZGJYSBLJYZB,深圳至正大厦,土建,指定,0
U_ORG_XM_SZGMQJRJ,深圳光明区金融街,土建,指定,0
U_ORG_XM_SZHXDZQZ,深圳华星光电第11代大宗气体站,土建,指定,0
U_ORG_XM_SZJCBZZ,深圳机场调蓄池泵闸站,土建,指定,0
U_ORG_XM_SZJCKFQ,深圳机场开发区西区,土建,指定,0
U_ORG_XM_SZJLSWZX,深圳嘉里商务中心,土建,指定,182467346
U_ORG_XM_SZJLSWZXYQ,深圳嘉里商务中心（一期）,土建,指定,0
U_ORG_XM_SZJSDX,深圳技术大学建设项目（一期）,土建,指定,0
U_ORG_XM_SZLDBDT,深圳礼鼎高端集成电路载板及先进封装基地,土建,指定,0
U_ORG_XM_SZLHTJWQJD,苏州龙湖天街五期机电总包,土建,指定,0
U_ORG_XM_SZLXCXY,深圳联想创新科技园综合机电,土建,指定,0
U_ORG_XM_SZNSZD,深圳南山中国电子科技园,土建,指定,0
U_ORG_XM_SZPACXDS,深圳平安财险大厦,土建,指定,0
U_ORG_XM_SZPAGJJRZX,深圳平安国际金融中心,土建,指定,0
U_ORG_XM_SZPDSDDSJD,深圳鹏鼎时代大厦机电,土建,指定,0
U_ORG_XM_SZQHJLSQ,深圳嘉里商务中心(三期),土建,指定,0
U_ORG_XM_SZQHSDYXZ,深圳前海十单元3小镇,土建,指定,0
U_ORG_XM_SZQWXXSNZX,深圳前湾信息枢纽中心,土建,指定,0
U_ORG_XM_SZRYJD,深圳柔宇国际柔性显示产业园机电,土建,指定,0
U_ORG_XM_SZSCSWDS,深圳首创商务大厦,土建,指定,0
U_ORG_XM_SZSCZX,深圳市创新创业无障碍服务中心,土建,指定,0
U_ORG_XM_SZSMYF,深圳水木一方大厦,土建,指定,0
U_ORG_XM_SZSSGL,深圳石厦村综合管廊,土建,指定,0
U_ORG_XM_SZTK,苏州泰康之家31703地块,土建,指定,120720.72
U_ORG_XM_SZWXGY,苏州文星公寓扩建项目（二标段）,土建,指定,0
U_ORG_XM_SZXGDX,深圳香港中文大学二期II标,土建,指定,0
U_ORG_XM_SZXL,深圳西丽高尔夫球俱乐部员工宿舍,土建,指定,0
U_ORG_XM_SZXMGJZB,深圳小米国际总部,土建,指定,0
U_ORG_XM_SZYBXQ,深圳职业技术学院北校区,土建,指定,4855345.79
U_ORG_XM_SZYCC,深圳悦彩城,土建,指定,0
U_ORG_XM_SZYCGSHLZ,苏州虞城(姑苏)±800千伏换流站土建C包,土建,指定,0
U_ORG_XM_SZYHDSJD,深圳宇宏大厦机电,土建,指定,0
U_ORG_XM_SZYLXDXQ,深圳职业技术学院留仙洞校区,土建,指定,0
U_ORG_XM_SZYXSGYCJ,深圳职业技术学院学生公寓拆建,土建,指定,0
U_ORG_XM_TH008,北京台湖公园里008地块,土建,指定,0
U_ORG_XM_TJBNW,天津宁宇家园二期,土建,指定,0
U_ORG_XM_TJDTQHX,天津地铁7号线一期工程PPP项目土建10标段,土建,指定,0
U_ORG_XM_TJDYC,天津大悦城B地块办公楼,土建,指定,0
U_ORG_XM_TJJHS,天津金海墅,土建,指定,0
U_ORG_XM_TJJLZX,天津嘉里中心,土建,指定,0
U_ORG_XM_TJJRJ,天津金融街（和平）中心,土建,指定,-1021722.34
U_ORG_XM_TJJRJBHRY,天津金融街滨海融御,土建,指定,9052410.07
U_ORG_XM_TJJRJDLH,天津金融街东丽湖一期及展示区,土建,指定,49765140.15
U_ORG_XM_TJJT,天津津塔项目经理部,土建,指定,0
U_ORG_XM_TJJTDS,天津金唐大厦,土建,指定,0
U_ORG_XM_TJLWL,天津中粮大道一期E地块(祥云名苑),土建,指定,0
U_ORG_XM_TJNKXX,天津海河教育园区南开学校,土建,指定,0
U_ORG_XM_TJQYC,天津全运村,土建,指定,0
U_ORG_XM_TJQYCDJXM,天津全运村代建东区小学幼儿园邻里中心,土建,指定,0
U_ORG_XM_TJSCZBZ,天津首创中北镇,土建,指定,0
U_ORG_XM_TJSYQ,天津天碱商业区14#地,土建,指定,7101579.48
U_ORG_XM_TJTHC,天津天河城购物中心,土建,指定,11576980.5
U_ORG_XM_TJTYDQ,天津通用电气医疗系统生产基地,土建,指定,0
U_ORG_XM_TJTYHHYQ,天津天阅海河一期,土建,指定,0
U_ORG_XM_TJWQDK,天津武清080地块,土建,指定,4981729.74
U_ORG_XM_TJYGJDY,天津阳光晶典苑,土建,指定,0
U_ORG_XM_TJYJPJRQ,天津于家堡金融区3-16地块,土建,指定,0
U_ORG_XM_TJYYDS,天津远洋大厦二期工程,土建,指定,0
U_ORG_XM_TJZBZJGQ,天津中北镇居住区G区,土建,指定,7191938.67
U_ORG_XM_TJZLDDDDKJZ,天津中粮大道一期D地块精装,土建,指定,0
U_ORG_XM_TJZX,天津中芯P3厂房,土建,指定,0
U_ORG_XM_TKSJYLSQ,上海泰康松江养老社区08地块,土建,指定,0
U_ORG_XM_TRDERMYYJD,铜仁第二人民医院机电,土建,指定,0
U_ORG_XM_TSXSW,唐山橡树湾,土建,指定,0
U_ORG_XM_TTTGHHY,天津天通泰观湖花园,土建,指定,0
U_ORG_XM_TTTKJY,北京天通泰中以文化数码科技园,土建,指定,0
U_ORG_XM_TXBHDAJDJT,深圳腾讯滨海大厦项目机电专业分包（局集团）,土建,指定,0
U_ORG_XM_TXBHDXJD,深圳腾讯滨海大厦项目机电专业分包,土建,指定,0
U_ORG_XM_TZHXQ,北京通州核心区运河项目Ⅱ-05地块,土建,指定,0
U_ORG_XM_TZWKZX,北京天竺万科中心,土建,指定,0
U_ORG_XM_WFBSQCFJD,潍坊歌尔电子保税区9#厂房机电,土建,指定,0
U_ORG_XM_WFYLJMSQ,潍坊怡力精密四期1#2#厂房机电,土建,指定,0
U_ORG_XM_WHHXGD,武汉华星光电t3,土建,指定,0
U_ORG_XM_WHHXGDT4,武汉华星光电t4,土建,指定,0
U_ORG_XM_WHHXGDTJDAB,武汉华星光电t4机电A包,土建,指定,0
U_ORG_XM_WHJDF,武汉高世代薄膜晶体管液晶显示器件(TFT-LCD)生产线,土建,指定,5319513.79
U_ORG_XM_WHSZSSZB,芜湖三只松鼠研发运营中心,土建,指定,0
U_ORG_XM_WHTKCY,武汉泰康之家·楚园,土建,指定,0
U_ORG_XM_WHWKCYTD,北京五和万科长阳天地,土建,指定,0
U_ORG_XM_WHXX,武汉新芯OS4F装修,土建,指定,0
U_ORG_XM_WHZHTF,武汉中国特种飞行器研发中心,土建,指定,0
U_ORG_XM_WJBGLEQ,望京办公楼二期,土建,指定,5443541.01
U_ORG_XM_WJSHZX,北京望京SOHO中心,土建,指定,0
U_ORG_XM_WKCYWYCZZX,北京祥筑万科长阳文娱创作中心,土建,指定,0
U_ORG_XM_WKFCYT,北京万科翡翠云图,土建,指定,5495624.08
U_ORG_XM_WKSBSYDZX,五棵松冰上运动中心,土建,指定,10175895.43
U_ORG_XM_WKSLQGY,北京五棵松篮球公园施工,土建,指定,0
U_ORG_XM_WKSZHL,北京五棵松文化体育中心配套综合楼,土建,指定,3377060.02
U_ORG_XM_WLCBALYJS,乌兰察布阿里云计算数据中心,土建,指定,0
U_ORG_XM_WLCBKS,乌兰察布快手智能云数据中心,土建,指定,0
U_ORG_XM_WLCBYJSJD,乌兰察布阿里云计算数据中心机电设备安装工程,土建,指定,0
U_ORG_XM_WRKTDSF,深圳微软科通大厦[发展],土建,指定,0
U_ORG_XM_WRKTDX,深圳微软科通大厦,土建,指定,0
U_ORG_XM_WTDSXD,天津万通大厦（信达二期）,土建,指定,0
U_ORG_XM_WXGLJRDS,无锡国联金融大厦,土建,指定,0
U_ORG_XM_WXHFZNZSCDKZZ,无锡华发中南装饰城地块住宅,土建,指定,67166651.83
U_ORG_XM_WXHK,无锡鸿坤理想湾,土建,指定,0
U_ORG_XM_WXHL2Z,无锡恒隆广场办公楼2座,土建,指定,24701044.26
U_ORG_XM_WXHLGC,无锡恒隆广场综合发展,土建,指定,0
U_ORG_XM_WXHLGCBGL,无锡恒隆广场办公楼2座保护工程,土建,指定,0
U_ORG_XM_WXJRG,无锡河埒金融商务港,土建,指定,90537.45
U_ORG_XM_WXOPN,无锡欧谱纳轻型燃气机制造,土建,指定,0
U_ORG_XM_WXSHCZBEDK,无锡市综合交通枢纽项目,土建,指定,0
U_ORG_XM_WXSKHLSKJ,无锡SK海力士厂房扩建,土建,指定,0
U_ORG_XM_WXSSMZX,无锡市市民中心项目工程指挥部,土建,指定,0
U_ORG_XM_WXXZBDT,无锡芯卓半导体产业化建设,土建,指定,2358490.57
U_ORG_XM_WXZGCRJYEQ,无锡中关村软件园太湖分园二期,土建,指定,0
U_ORG_XM_WXZGCZZ,无锡中关村软件园住宅,土建,指定,0
U_ORG_XM_XALXHJD,西安利星行酒店,土建,指定,42992924.65
U_ORG_XM_XARCWSZZ,容城县农村生活污水综合整治项目（EPC）一标,土建,指定,0
U_ORG_XM_XASXBDTRQUT,西安三星半导体二期UT栋,土建,指定,0
U_ORG_XM_XASXCF,西安三星半导体FAB厂房,土建,指定,0
U_ORG_XM_XAXQRDPQ,河北建投雄安·金湖未来城项目一第二标段,土建,指定,0
U_ORG_XM_XAYLAZF,西安阎良三四七区安置房,土建,指定,0
U_ORG_XM_XAYSWCYJD,西安奕斯伟硅产业基地,土建,指定,0
U_ORG_XM_XAZSSGX,雄安高铁站片区外部输水管线,土建,指定,0
U_ORG_XM_XCQ9HZCB,北京西城区金融大街9号商业办公扩建（总承包）,土建,指定,0
U_ORG_XM_XDWLEQ,北京西大望路二期,土建,指定,1306762.07
U_ORG_XM_XGLSYJR,北京霞光里5号、6号商业金融,土建,指定,2324255.68
U_ORG_XM_XJCAZF,北京新机场安置房,土建,指定,0
U_ORG_XM_XJCXXZX,北京新机场信息中心,土建,指定,0
U_ORG_XM_XJK1H,北京新街口1号工程,土建,指定,14449827.58
U_ORG_XM_XMTBSCX,厦门天马显示科技有限公司第6代柔性AMOLED生产线,土建,指定,0
U_ORG_XM_XZMGZ,北京西直门南小街115号综合维修改造,土建,指定,0
U_ORG_XM_XZWKFCZGJD,徐州万科翡翠之光机电,土建,指定,0
U_ORG_XM_XZWKTSLJD,徐州万科铜山路项目A地块商业机电,土建,指定,0
U_ORG_XM_XZYLH,徐州云龙湖悦府三期,土建,指定,0
U_ORG_XM_YCXJTJ,运城新建铜基新材料基地,土建,指定,0
U_ORG_XM_YDDSGZ,北京盈都大厦D座室内外装修改造,土建,指定,697278.48
U_ORG_XM_YFKYL,永丰Ⅱ-11地块科研办公楼,土建,指定,0
U_ORG_XM_YJSGZ,北京电信亦庄云计算改造,土建,指定,0
U_ORG_XM_YTABND,烟台爱博诺德医用材料生产,土建,指定,5764221.83
U_ORG_XM_YTBDT,烟台智路联测半导体,土建,指定,8605155.64
U_ORG_XM_YXHE2DK,北京怀柔区雁栖湖柏崖厂村E2地块,土建,指定,0
U_ORG_XM_YYZXGZSQ,北京国家游泳中心改造三期,土建,指定,0
U_ORG_XM_YZYJSZX,北京亦庄云计算中心,土建,指定,0
U_ORG_XM_Z13SYJR,北京CBD核心区Z13地块商业金融,土建,指定,8974443.6
U_ORG_XM_ZBALBBFDJD,张北阿里巴巴数据中心F栋机电,土建,指定,0
U_ORG_XM_ZBALBBSJZXJD,张北阿里巴巴数据中心机电,土建,指定,0
U_ORG_XM_ZBALBBSJZXJDXET,张北阿里巴巴数据中心机电小二台,土建,指定,0
U_ORG_XM_ZBSJZX,张北数据中心2A3总承包工程,土建,指定,0
U_ORG_XM_ZGRNJCYGZ,北京最高人民检察院西区改造,土建,指定,0
U_ORG_XM_ZGZKT,北京Z15中国尊高区空调,土建,指定,0
U_ORG_XM_ZHCSXW,珠海醋酸纤维有限公司搬迁扩建,土建,指定,0
U_ORG_XM_ZHGCSQ,中海广场项目三期K地块,土建,指定,0
U_ORG_XM_ZHHFGC,珠海华发广场,土建,指定,0
U_ORG_XM_ZHJFBG,北京总后京丰宾馆老客房楼改造,土建,指定,0
U_ORG_XM_ZHZLSZ,珠海臻林山庄,土建,指定,0
U_ORG_XM_ZHZWKCZX,珠海正威科创中心,土建,指定,0
U_ORG_XM_ZJHFXCHY,湛江华发新城花园,土建,指定,0
U_ORG_XM_ZJKQSMZ,张家口下花园浅山名筑住宅小区,土建,指定,0
U_ORG_XM_ZJKTXHL,张家口腾讯怀来瑞北云数据中心,土建,指定,0
U_ORG_XM_ZLDDDDK,天津中粮大道一期D地块,土建,指定,48543.69
U_ORG_XM_ZLKJY,中粮科技园标准厂房,土建,指定,-1722035.25
U_ORG_XM_ZLKJYEQ,北京中粮科技园标准厂房二期,土建,指定,1687991.18
U_ORG_XM_ZQTXYJS,重庆腾讯云计算中心,土建,指定,0
U_ORG_XM_ZSJMDK,北京招商嘉铭10地块商业办公,土建,指定,0
U_ORG_XM_ZSYH,中山宇宏健康花城二期四段,土建,指定,149230074.7
U_ORG_XM_ZZCNSQ,郑州智能骨干网航空港区三期,土建,指定,0
U_ORG_XM_ZZHK,郑州海康威视科技园,土建,指定,0
U_ORG_XM_ZZJYJD,郑州市建业拾捌壹期机电,土建,指定,0
U_ORG_XM_ZZJYZX,郑州建业中心,土建,指定,0
U_ORG_XM_ZZQLY,涿州阿里云计算数据中心,土建,指定,0
U_ORG_XM_ZZWKGC,北京住总·万科广场,土建,指定,0
U_ORG_XM_AHWHYJSYY,安徽芜湖皖南医学院弋矶山医院,土建,自施,73607253.33
U_ORG_XM_AHZWCF,安徽忠旺厂房,土建,自施,-107705.52
U_ORG_XM_AJXXZSDCBDXMP4BD,埃及新行政首都CBD项目P4标段,土建,自施,216980604.9
U_ORG_XM_ASJGS,鞍山市公安局监管场所新建,土建,自施,90849254.98
U_ORG_XM_BDFZJXL,北京大学新建附属中学北校区综合教学楼,土建,自施,2441291.65
U_ORG_XM_BDKYL,北京大学教学科研楼,土建,自施,9157270
U_ORG_XM_BDTSGGZ,北京大学图书馆改造,土建,自施,6395998.35
U_ORG_XM_BJAN4D,北京奥南4#地,土建,自施,232321.7
U_ORG_XM_BJAZKYL,北京A座科研楼,土建,自施,0
U_ORG_XM_BJCBDSYJR,北京市CBD核心区Z2b地块商业金融,土建,自施,15957033.87
U_ORG_XM_BJDCBGLGKJ,北京东城办公楼改扩建,土建,自施,61288440.66
U_ORG_XM_BJDXHXYEQDL,北京大学化学学院E区大楼,土建,自施,46523476.46
U_ORG_XM_BJFSHFZYGY,北京房山华发中央公园,土建,自施,139382793.2
U_ORG_XM_BJFSLHXYTJ,北京房山龙湖熙悦天街,土建,自施,21235368.16
U_ORG_XM_BJFZDSZX,北京凤展大厦装修工程,土建,自施,0
U_ORG_XM_BJFZKYLJD,北京纺织科研楼实验楼机电,土建,自施,0
U_ORG_XM_BJGAZXGZ,北京港澳中心改造,土建,自施,118927542.2
U_ORG_XM_BJGJKJCBZX,北京国家科技传播中心,土建,自施,162250163.3
U_ORG_XM_BJGLYSQ03_31,北京高丽营三期03-31地块,土建,自施,17427765.49
U_ORG_XM_BJGMGYGZ,北京国贸公寓改造,土建,自施,-1369511.1
U_ORG_XM_BJHLDS,北京华力国际大厦,土建,自施,10034.59
U_ORG_XM_BJHPC,北京和平村,土建,自施,46468351.09
U_ORG_XM_BJHQDJQJT,北京环球度假区（集团）,土建,自施,1428429.75
U_ORG_XM_BJHQGYDJQ,北京环球度假区,土建,自施,18798116.53
U_ORG_XM_BJHQNYZX,北京环球能源中心,土建,自施,11250504.67
U_ORG_XM_BJHQZTGY,北京环球主题公园,土建,自施,28966244.75
U_ORG_XM_BJHRZGCCZZ,北京怀柔张各长村住宅,土建,自施,19054895.73
U_ORG_XM_BJHSMZXGZ,北京火神庙商业中心改造,土建,自施,30872714.19
U_ORG_XM_BJJCBDT,北京精测半导体设备及准分子激光器,土建,自施,118301970.7
U_ORG_XM_BJJGMBGLGJ,北京建国门办公楼改建工程,土建,自施,12330636.56
U_ORG_XM_BJKTDX,北京凯特大厦,土建,自施,18914780.74
U_ORG_XM_BJLZJRSWQ,北京丽泽金融商务区E-13、E-14地块,土建,自施,2938160.72
U_ORG_XM_BJLZJRSWQJ,北京丽泽金融商务区E区13、14地块项目[局集团],土建,自施,11732042.78
U_ORG_XM_BJNHHS,北京新机场南航航空食品设施,土建,自施,6652476.17
U_ORG_XM_BJODBSMZX,北京欧德宝商贸中心,土建,自施,6169743.52
U_ORG_XM_BJPAE05DK,北京平安金融中心E05地块,土建,自施,1366661.35
U_ORG_XM_BJQMCQGZ,北京前门B2B3地块重启后改造工程,土建,自施,0
U_ORG_XM_BJSKWKJD,北京首开万科天地机电,土建,自施,0
U_ORG_XM_BJSMYJSKJ,北京生命科学研究所扩建,土建,自施,40916571.15
U_ORG_XM_BJSYHSYGYCQF,北京顺义后沙峪共有产权房,土建,自施,80760643.2
U_ORG_XM_BJSYMTZ,北京顺义马头庄,土建,自施,94309647.63
U_ORG_XM_BJTGLGZ,北京太古里改造,土建,自施,656932.14
U_ORG_XM_BJTKSQ,北京泰康之家燕园三期,土建,自施,165429924.4
U_ORG_XM_BJTLDYQ,北京天利德一期厂房,土建,自施,3598089.27
U_ORG_XM_BJTZWG,北京通州网络安全技术研发厂房,土建,自施,222407489.5
U_ORG_XM_BJWJBGLSQ,北京望京办公楼三期,土建,自施,20270137.27
U_ORG_XM_BJWKFCGYJD,北京万科翡翠公园机电,土建,自施,0
U_ORG_XM_BJWKQXS,北京万科七橡墅,土建,自施,63456999.03
U_ORG_XM_BJWKWX,北京万科望溪,土建,自施,94334673.65
U_ORG_XM_BJWKZYC,北京祥筑万科长阳中央城,土建,自施,1460834.44
U_ORG_XM_BJWLCXX,北京未来城学校,土建,自施,23286056.84
U_ORG_XM_BJWLCXXZB,北京未来城学校总承包,土建,自施,465827418.9
U_ORG_XM_BJXHBX,北京新华保险大厦改造,土建,自施,-8487450.2
U_ORG_XM_BJXHFTFKT,北京西华府商办楼通风空调工程,土建,自施,0
U_ORG_XM_BJXJCGL,北京新机场道路及综合管廊,土建,自施,64959896.27
U_ORG_XM_BJXSJDAZF,北京香山军队安置房,土建,自施,12569008.85
U_ORG_XM_BJXXCXY,中国电信北京信息科技创新园工程,土建,自施,0
U_ORG_XM_BJXXCXYEQ,中国电信北京信息科技创新园科研数据中心,土建,自施,19889349.69
U_ORG_XM_BJXYDHLWJD,北京新一代互联网云计算产创基地机电,土建,自施,0
U_ORG_XM_BJYABGZX,北京永安宾馆装修,土建,自施,3800515.72
U_ORG_XM_BJYCCF,北京盈创2#厂房等5项,土建,自施,6698396.63
U_ORG_XM_BJYDHHHLJZL,北京永定河混合垃圾治理,土建,自施,21276.92
U_ORG_XM_BJYYYH,北京远洋瀛海,土建,自施,80205215.51
U_ORG_XM_BJZ12TKJD,北京Z12泰康大厦机电工程,土建,自施,0
U_ORG_XM_BJZCCF,北京中钞厂房,土建,自施,66128099.2
U_ORG_XM_BJZGYD,北京中国移动博瑞琪大厦装修改造,土建,自施,46666650.26
U_ORG_XM_BJZSJD,北京招商嘉铭酒店,土建,自施,0
U_ORG_XM_BJZSJM,北京嘉铭珑原07-01办公商业,土建,自施,0
U_ORG_XM_BJZXZS,北京中芯北方BO2剩余楼层装修,土建,自施,25458611.62
U_ORG_XM_BJZYLHC,北京张仪-莲花池π入岳各庄220千伏线路,土建,自施,696292.21
U_ORG_XM_BQDLZCJD,北汽动力总成基地项目（一期）二标段,土建,自施,-38728010.64
U_ORG_XM_BQSTLGZF,北京顺义新城第4街区保障性住房,土建,自施,44105490.24
U_ORG_XM_BZDERMYY,山东滨州第二人民医院西院区,土建,自施,147884851.9
U_ORG_XM_BZGZSYXX,巴中光正实验学校,土建,自施,6334454.21
U_ORG_XM_BZSYLXQ,霸州市云庐小区住宅,土建,自施,86157704.7
U_ORG_XM_CDCHQSPZZ,成都成华区跳蹬河南路9号新建商品住宅项目一期,土建,自施,133751609.7
U_ORG_XM_CDCHQSPZZSQ,成都成华区跳蹬河南路9号新建商品住宅项目三期,土建,自施,286425.98
U_ORG_XM_CDDJBX,成都大家保险金融广场机电,土建,自施,0
U_ORG_XM_CDDTAZF,成都青白江区大同集中安置房(二期),土建,自施,59052346.4
U_ORG_XM_CDDYHQJBZ,成都大运会安居保障EPC,土建,自施,12751329.17
U_ORG_XM_CDGJTLGZLZX,成都国际铁路港展览中心,土建,自施,-197886.08
U_ORG_XM_CDHJSSJ,成都黄甲尚善居C区,土建,自施,45884173.98
U_ORG_XM_CDJDF6DX,成都京东方第6代生产线,土建,自施,29687915.64
U_ORG_XM_CDJDFCK,成都京东方第6代柔性AMOLED触控一体化显示器件,土建,自施,55155064.94
U_ORG_XM_CDJDFCKFZ,成都京东方第6代柔性AMOLED触控一体化显示器件（发展）,土建,自施,283889.87
U_ORG_XM_CDJDFGYZX,成都京东方AMOLED工艺技术测试中心,土建,自施,27764436.6
U_ORG_XM_CDJDFJD,成都京东方第6代生产线机电A标段,土建,自施,0
U_ORG_XM_CDJNRCGY,成都金牛人才公寓,土建,自施,202177251.1
U_ORG_XM_CDJTWFPPP,成都金堂县五凤镇新型城镇化PPP项目,土建,自施,35493181.78
U_ORG_XM_CDJTWFPPPJT,成都金堂县五凤镇新型城镇化PPP（集团）,土建,自施,12371118.08
U_ORG_XM_CDJXJC,成都锦绣江城EPC,土建,自施,149970489.4
U_ORG_XM_CDLTGC,成都乐天广场,土建,自施,118870481.9
U_ORG_XM_CDPJSQZHT,成都蒲江鹤山街道办社区综合体,土建,自施,106478502.6
U_ORG_XM_CDQBJPPPFJ,成都青白江区PPP·房建,土建,自施,19453705.4
U_ORG_XM_CDQBJPPPSZ,成都青白江区PPP·市政,土建,自施,2007856.49
U_ORG_XM_CDQBJPPPSZFZ,成都青白江区PPP·市政（发展）,土建,自施,122221.03
U_ORG_XM_CDQXYG,成都千行云谷,土建,自施,8932185.73
U_ORG_XM_CDSJZAZF,成都青白江区大同集中安置房,土建,自施,21748309.95
U_ORG_XM_CDSLZHKF,成都双流TOD综合开发,土建,自施,23779612.18
U_ORG_XM_CDTDJD,成都泰达时代中心机电,土建,自施,0
U_ORG_XM_CDTFC,成都江宇天府城,土建,自施,459318.6
U_ORG_XM_CDTHTFLZX,成都泰和泰国际法律服务中心,土建,自施,333324.83
U_ORG_XM_CDWJQBLT,成都温江区BLT,土建,自施,27091770.2
U_ORG_XM_CDWJQBLTFZ,成都温江区BLT（发展）,土建,自施,11724022.66
U_ORG_XM_CDWJRX,成都温江区蓉西新城新居B区,土建,自施,0
U_ORG_XM_CDXDAZF,成都新都区成青苑及桂荷馨苑小区,土建,自施,143045818.6
U_ORG_XM_CDXJYBF,成都新津御宾府,土建,自施,55802286.42
U_ORG_XM_CDXXLJEQ,成都香榭林居二期,土建,自施,81342201.01
U_ORG_XM_CDYSDC,成都528艺术东村产业展示,土建,自施,13016362.57
U_ORG_XM_CDYSW,成都奕斯伟板级封装系统集成电路,土建,自施,2476159.28
U_ORG_XM_CDZG,成都紫光存储器制造基地,土建,自施,95102583.48
U_ORG_XM_CDZGSF,成都中国商飞民机示范产业园二期,土建,自施,52578441.31
U_ORG_XM_CDZHYHSY,成都中海·御湖世家,土建,自施,2047466.99
U_ORG_XM_CDZLLYJY,成都中粮·珑悦锦云,土建,自施,22625163.28
U_ORG_XM_CDZYFSYY,成都中医大附属第二医院,土建,自施,40583948.86
U_ORG_XM_CDZYFSYYFZ,成都中医大附属第二医院(发展),土建,自施,13241709.99
U_ORG_XM_CHOFG,巢湖欧菲光光学光电产业基地建设,土建,自施,583053193.3
U_ORG_XM_CPXQGZ,北京大学昌平新校区宿舍楼装修改造,土建,自施,153900010
U_ORG_XM_CQHFBJSJ,重庆华发·滨江四季,土建,自施,144621604
U_ORG_XM_CQHXZZ,重庆华熙LIVE·鱼洞住宅,土建,自施,13929645.45
U_ORG_XM_CQJDF6AMOLED,重庆京东方第6代AMOLED柔性生产线,土建,自施,259810121.1
U_ORG_XM_CQLJKGWLY,重庆两江空港物流园,土建,自施,957314.71
U_ORG_XM_CQSKHLSEQ,重庆SK海力士二期,土建,自施,-2135882.41
U_ORG_XM_CQTXEQ,重庆腾讯云计算中心二期,土建,自施,67635.62
U_ORG_XM_CQTXEQXF,重庆腾讯云计算中心二期消防工程,土建,自施,0
U_ORG_XM_CQTXXF,重庆腾讯云计算中心一期消防工程,土建,自施,0
U_ORG_XM_CQTYZX,重庆巴南体育中心,土建,自施,0
U_ORG_XM_CQWSCLC,重庆水土污水处理厂三期扩建,土建,自施,9965980.69
U_ORG_XM_CQYCZCZGZN,重庆永川中船重工智能制造产业园,土建,自施,-131702.1
U_ORG_XM_CQYDTYG,重庆华熙LIVE·鱼洞体育馆,土建,自施,1365683.55
U_ORG_XM_CQYSCN,重庆亚士创能长寿综合制造基地,土建,自施,153833334.2
U_ORG_XM_CQYYSZXZ,重庆云阳数智森林小镇产业园区(一期)EPC,土建,自施,59742559.77
U_ORG_XM_CYJZQ,北京常营大型居住区三期,土建,自施,780033.72
U_ORG_XM_CYMSHJC,北京朝阳门SOHO中心南区商业加层,土建,自施,0
U_ORG_XM_CYMSOHOSQ,银河搜候中心（朝阳门SOHO三期）,土建,自施,0
U_ORG_XM_CZHK,滁州惠科第8.6代薄膜晶体管液晶显示器件,土建,自施,1904964.64
U_ORG_XM_CZQLDXF,常州青龙西路定销房,土建,自施,14103072
U_ORG_XM_CZXBQZZ,常州市新北区住宅EPC,土建,自施,54900210.96
U_ORG_XM_CZXBQZZFZ,常州市新北区住宅EPC(发展),土建,自施,13482823.37
U_ORG_XM_D11DTFT_SZHXGD11D,深圳华星光电第11代TFT-LCD及AMOLED新型显示器件,土建,自施,9747310.01
U_ORG_XM_DGHWSYS,东莞华为研发实验室一期,土建,自施,5517418.88
U_ORG_XM_DGOPPOJD,东莞OPPO滨海湾数据中心机电,土建,自施,0
U_ORG_XM_DGXTC,东莞小天才生产中心,土建,自施,85507269.08
U_ORG_XM_DJYJL,都江堰锦庐-4期房地产开发,土建,自施,11499007.18
U_ORG_XM_DLGWJ,大连港湾街二号地块,土建,自施,13118431.58
U_ORG_XM_DLXHW,大连星海湾壹号二期,土建,自施,2285872.24
U_ORG_XM_DQBYNKDX,大庆市八一农垦大学基础教学实验楼,土建,自施,4699182.33
U_ORG_XM_DQYGLQLHJJGC,大庆豫港龙泉铝合金加工材,土建,自施,3334998.82
U_ORG_XM_DTZLDSJ,大同中联绿色大数据产业基地,土建,自施,57037610.93
U_ORG_XM_DWLZCZF,西大望路政策性住房,土建,自施,29153.68
U_ORG_XM_DXJCZSQAZF,北京大兴国际机场噪声区安置房,土建,自施,160930099.3
U_ORG_XM_DXKAZFJZHZZ,北京东小口安置住房及综合整治,土建,自施,104767550.3
U_ORG_XM_DXZBDQ,北京大兴17#地项目（东区）,土建,自施,2717307.79
U_ORG_XM_DYDWDYMYY,德阳市人民医院城北第五代医院,土建,自施,181998063.8
U_ORG_XM_EEDSYSGD,鄂尔多斯源盛光电第5.5代AM-OLED,土建,自施,6253789.37
U_ORG_XM_ELSTLHFCJ,俄罗斯图拉州哈弗发动机车间,土建,自施,19822434.78
U_ORG_XM_FJ6AMOLED,福州第6代AMOLED柔性生产线,土建,自施,31718.37
U_ORG_XM_FJJHCCQSCX,福建省晋华集成电路有限公司存储器生产线,土建,自施,69356063.14
U_ORG_XM_FLBMPEGLFXC,菲律宾梅普尔格罗夫新城第一项目,土建,自施,40448339.64
U_ORG_XM_FLBXGLLDS,菲律宾香格里拉大厦,土建,自施,18527234.49
U_ORG_XM_FNWSCLC,丰宁污水处理厂扩容提标改造及配套管网,土建,自施,31229615.82
U_ORG_XM_FSJHGCEQ,佛山捷和广场二期,土建,自施,130436044.8
U_ORG_XM_FSJRJRCHY,佛山金融街融辰花园,土建,自施,180499402.6
U_ORG_XM_FSJRJSD,佛山金融街顺德陈村,土建,自施,325527378.3
U_ORG_XM_FSJRJSS,佛山金融街三水,土建,自施,50479451.4
U_ORG_XM_FSJXLJHY,佛山建鑫乐家花园,土建,自施,1351661.28
U_ORG_XM_FSLC,佛山绿城,土建,自施,-6242896.47
U_ORG_XM_FSLQG,佛山国际体育文化演艺中心,土建,自施,5724.7
U_ORG_XM_FSLSHLYZL,佛山市南海区里水河流域治理,土建,自施,78111863.12
U_ORG_XM_FSSDGZSYXX,佛山顺德光正实验学校,土建,自施,15723832.37
U_ORG_XM_FSSDYXQ,佛山市东亚项目西区EPC,土建,自施,44656105.12
U_ORG_XM_FSYCZD,佛山怡翠尊堤嘉园D2区,土建,自施,9126785.23
U_ORG_XM_FSYGBJSQGZ,佛山市原干部家属区部分政府旧物业修缮改造,土建,自施,10642859.47
U_ORG_XM_FXMNWGQ,复兴门内危改区4·2号地项目空调系统工程,土建,自施,0
U_ORG_XM_FZJDF,福州第8.5代新型半导体显示器件生产线,土建,自施,0
U_ORG_XM_FZJDFJD,福州第8.5代新型半导体显示器件生产线机电,土建,自施,0
U_ORG_XM_GCBS38DK,北京观承别墅03-38地块二标段,土建,自施,13079224.46
U_ORG_XM_GDGSZYXY,广东工商职业学院体育馆·图书馆,土建,自施,12054097.79
U_ORG_XM_GDHYAL,广东阿里巴巴云计算数据中心河源源城区项目,土建,自施,13224216.72
U_ORG_XM_GDHYALEQ,广东阿里巴巴云计算数据中心河源源城区二期项目,土建,自施,6081195.55
U_ORG_XM_GDHYJDEQ,广东阿里巴巴云计算数据中心河源江东二期,土建,自施,142057745.8
U_ORG_XM_GDHYSQ,广东阿里巴巴云计算数据中心河源源城区三期项目,土建,自施,117670924.2
U_ORG_XM_GDHYSQJD,广东阿里巴巴云计算数据中心河源源城区三期机电,土建,自施,0
U_ORG_XM_GJNYQXZX,国际农业科技创新中心,土建,自施,10948203.12
U_ORG_XM_GMDLGZ,北京国贸东楼改造及交通一体化,土建,自施,13504975.46
U_ORG_XM_GMSQB,北京中国国际贸易中心三期B阶段工程,土建,自施,41034959.01
U_ORG_XM_GRGCJD,北京国锐广场机电,土建,自施,0
U_ORG_XM_GSQYZDYQ,甘肃庆阳正大一期,土建,自施,3340099.92
U_ORG_XM_GXNNDXCFJF,广西南宁电信东盟信息园动力中心柴发机房,土建,自施,0
U_ORG_XM_GYHYZCF,中建（天津）工业化建筑公司预制厂房,土建,自施,3107526.36
U_ORG_XM_GYSGZFYYYJD,贵阳市贵州妇女儿童国际医院机电,土建,自施,0
U_ORG_XM_GYWK,贵阳万科劲嘉大都会商业综合体,土建,自施,4763780.53
U_ORG_XM_GZALBB,广州阿里巴巴华南运营中心,土建,自施,30175255.47
U_ORG_XM_GZBLSYL,广州保利三元里,土建,自施,141956992.6
U_ORG_XM_GZBYHYC,广州黄石路白云汇广场影城,土建,自施,1371289.93
U_ORG_XM_GZCSJ,广州超视堺第10.5代TFT-LCD显示器件生产线,土建,自施,92445222.51
U_ORG_XM_GZCSJFZ,广州超视堺第10.5代TFT-LCD显示器件生产线（发展）,土建,自施,-4895.52
U_ORG_XM_GZKNBLC,广州第10.5代TFT-LCD显示器生产线玻璃工厂建设,土建,自施,6178993.91
U_ORG_XM_GZLGDDGC,广州LG-Display-D工程,土建,自施,2703999.05
U_ORG_XM_GZLGGP3,广州LG Display GP3,土建,自施,44647494.2
U_ORG_XM_GZPY,广州金融街番禺市桥,土建,自施,67.68
U_ORG_XM_GZWXN,广州维信诺第6代柔性AMOLED模组生产线,土建,自施,72849164.85
U_ORG_XM_GZWXNJD,广州维信诺第6代柔性AMOLED模组生产线机电,土建,自施,0
U_ORG_XM_GZXYNBDT,广州芯粤能半导体,土建,自施,48795877.1
U_ORG_XM_GZYLSQ,广州养老社区项目示范区工程,土建,自施,0
U_ORG_XM_GZYXBDT,广州粤芯半导体,土建,自施,27213273.47
U_ORG_XM_HAXJCF,淮安第三园区新建厂房,土建,自施,144213183.6
U_ORG_XM_HBGAYG,河北固安第6代有源矩阵AMOLED面板生产线,土建,自施,14752434.41
U_ORG_XM_HBGAYGFZ,河北固安第6代有源矩阵AMOLED面板生产线（发展）,土建,自施,2808732.81
U_ORG_XM_HBGAZSJD,河北固安第6代有源矩阵AMOLED面板生产线装饰机电,土建,自施,-1118264.41
U_ORG_XM_HBXYZDYQ,湖北襄阳正大一期,土建,自施,-845.14
U_ORG_XM_HEBHRHLS,哈尔滨华润·欢乐颂,土建,自施,424059.06
U_ORG_XM_HEBHRXFL,哈尔滨华润·幸福里,土建,自施,0
U_ORG_XM_HEBSZCYY,哈尔滨深圳产业园科创总部,土建,自施,39898683.53
U_ORG_XM_HEBZGBY,哈尔滨中国北药智慧产业新城A1地块,土建,自施,90480628.92
U_ORG_XM_HFCX,合肥长鑫12吋存储器晶圆制造基地项目一期改扩建,土建,自施,1289552.61
U_ORG_XM_HFDC,合肥鼎材新型显示配套高端电子材料生产基地,土建,自施,74987218.56
U_ORG_XM_HFJDFSDWD,合肥京东方第10.5代薄膜晶体管液晶显示器件（TFT-LCD）,土建,自施,173249222.6
U_ORG_XM_HFJHTJ,合肥晶合二厂厂务及配套项目L40土建,土建,自施,3989269.67
U_ORG_XM_HFLXYFJD,合肥联想研发基地,土建,自施,0
U_ORG_XM_HFSY,合肥视涯OLED微型显示器件厂,土建,自施,2605216.96
U_ORG_XM_HFV3,合肥维信诺第六代AMOLED生产线,土建,自施,153489031
U_ORG_XM_HFV3FZ,合肥维信诺第六代AMOLED生产线（发展）,土建,自施,5047751.07
U_ORG_XM_HFYJCLCJ,合肥邮件处理车间,土建,自施,6371233.66
U_ORG_XM_HFYJCLCJFZ,合肥邮件处理车间（发展）,土建,自施,38529.01
U_ORG_XM_HFZJCF,合肥整机智能制造生产线,土建,自施,7174922.2
U_ORG_XM_HHHTKDJD,呼和浩特凯德广场·诺和木勒改造项目机电,土建,自施,0
U_ORG_XM_HJDYH,北京花家地一号,土建,自施,5427312.01
U_ORG_XM_HJJYSSZYYZX,上海黄金交易所深圳运营中心,土建,自施,5639886.66
U_ORG_XM_HKKGBSQ,海口空港综合保税区监管设施,土建,自施,35133997.1
U_ORG_XM_HKT,海口塔,土建,自施,1603421.03
U_ORG_XM_HKTSZ,海口塔南塔试桩工程,土建,自施,0
U_ORG_XM_HKYSDEQ,北京鸿坤云时代二期,土建,自施,8456358.49
U_ORG_XM_HMHT,后帽胡同23号翻、扩建工程,土建,自施,0
U_ORG_XM_HNAYZZC,河南安阳内黄正大一期,土建,自施,685541.14
U_ORG_XM_HNRCJFGZ,北京华能人才基地B栋实验楼数据机房改造,土建,自施,0
U_ORG_XM_HNTZDS,北京湖南投资大厦,土建,自施,48192590.55
U_ORG_XM_HNWYBWH,河南舞阳北外环,土建,自施,81942590.3
U_ORG_XM_HNXYSWBG,河南新乡中蓝商务地块自持办公,土建,自施,132799124.1
U_ORG_XM_HNYGDSJ,淮南云谷大数据产业园(B地块),土建,自施,23390315.35
U_ORG_XM_HSQY,呼和浩特群众艺术馆,土建,自施,-39593.62
U_ORG_XM_HTDXJSSS,北京航天工程大学军事设施建设,土建,自施,143247428
U_ORG_XM_HXGDAZB,华星光电第8.5代TFT-LCD A标段施工总承包,土建,自施,1163237.27
U_ORG_XM_HXGDAZBJD,华星光电第8.5代TFT-LCD（综合）,土建,自施,0
U_ORG_XM_HZALYZB,杭州阿里云计算公司总部,土建,自施,57964230.18
U_ORG_XM_HZCNYG,杭州菜鸟西湖云谷产业园,土建,自施,811740609.8
U_ORG_XM_HZDTSHX,杭州地铁3号线一期工程星桥车辆段,土建,自施,96008087.15
U_ORG_XM_HZHKGD,杭州海康高端安防产品及红外传感芯片研发、产业化,土建,自施,96307505.57
U_ORG_XM_HZHKWSSQ,杭州海康威视智能安检产品产业化基地,土建,自施,48316025.62
U_ORG_XM_HZHPDX,杭州湖畔大学,土建,自施,-13744435.48
U_ORG_XM_HZLXYTC,杭州理想银泰城,土建,自施,6498398
U_ORG_XM_HZRHALY,杭州仁和阿里云计算数据中心,土建,自施,12203854.44
U_ORG_XM_HZXLW,广东惠州金融街巽寮湾海世界,土建,自施,0
U_ORG_XM_HZZX,杭州中芯晶圆半导体股份有限公司半导体大硅片（200mm、300mm）,土建,自施,36552536.91
U_ORG_XM_JCGJD,晋城光机电产业园一期项目EPC总承包,土建,自施,345960534.1
U_ORG_XM_JJHCZGCGZ,九江火车站广场及滨江路改造,土建,自施,2223506.35
U_ORG_XM_JJXJKSLYQ,九江新建快速路一期,土建,自施,154094182
U_ORG_XM_JL43015GC,吉林省43015-3EPC,土建,自施,133190450.2
U_ORG_XM_JLMHKKMWLY,吉林梅河口康美医疗健康中心物流园,土建,自施,705.92
U_ORG_XM_JLMHKKMYLY,吉林梅河口康美医疗健康中心医疗园,土建,自施,-790416.33
U_ORG_XM_JLMHKKMYYY,吉林梅河口康美医疗健康中心医养园,土建,自施,-3502215.45
U_ORG_XM_JMHFSJ,江门华发四季,土建,自施,79321860.94
U_ORG_XM_JRJAG,金融街A5改扩建,土建,自施,0
U_ORG_XM_JRJHZQ,广州金融街海珠区石岗路,土建,自施,10395103.18
U_ORG_XM_JRJYTZX,北京金融街（月坛）中心,土建,自施,6830665.7
U_ORG_XM_JSLYSDSQ,江苏先进动力电池产业化项目（二期）一标段,土建,自施,463358783.5
U_ORG_XM_JSXHLZX,嘉兴市嘉善县健康护理中心,土建,自施,81748075.37
U_ORG_XM_JSZJLXCF,江苏镇江力信锂电池研发及产业化工程,土建,自施,113759.29
U_ORG_XM_JXGQGC,嘉兴港区滨海中央广场项目二期EPC,土建,自施,21524536.89
U_ORG_XM_JXJSSDY,嘉兴市嘉善善东苑公寓房,土建,自施,41391107.54
U_ORG_XM_JXSWZX,北京京西商务中心（西区）商业金融用地,土建,自施,0
U_ORG_XM_JXWHZX,嘉兴市文化艺术中心,土建,自施,198840726.4
U_ORG_XM_JXWLCC,嘉兴综合保税区物流仓储,土建,自施,203525773.8
U_ORG_XM_JXYL,北京绿城西山燕庐,土建,自施,32943715.69
U_ORG_XM_JYWKC,金隅万科城A1地块综合体,土建,自施,136639.7
U_ORG_XM_KSLFGD,昆山龙飞光电有限公司厂房一期土建工程,土建,自施,0
U_ORG_XM_KSYDGJ,昆山友达L6K厂房改建,土建,自施,698679.44
U_ORG_XM_LFYQWK,廊坊永清紫晶翡丽,土建,自施,2252429.04
U_ORG_XM_LGYZZSPF,北京来广营北路自住型商品房,土建,自施,9055112.16
U_ORG_XM_LNTSLGC,辽宁天士力现代中药示范工厂,土建,自施,12551691.94
U_ORG_XM_LNTSLSRGZ,辽宁天士力参茸厂区改造,土建,自施,-885851.13
U_ORG_XM_LXHGZ,北京利星行中心改造,土建,自施,10641804.28
U_ORG_XM_LXHZX,北京利星行中心(文化交流中心),土建,自施,23347935.43
U_ORG_XM_LXHZXEQ,北京利星行中心二期,土建,自施,0
U_ORG_XM_LXZBEQ,北京联想总部园区二期,土建,自施,11785424.7
U_ORG_XM_LXZBYQ,北京联想总部园区一期,土建,自施,-343315.13
U_ORG_XM_LYSTYLJLH,洛阳隋唐园立交亮化,土建,自施,0
U_ORG_XM_LYSTYLJLHJT,洛阳隋唐园立交亮化(集团),土建,自施,0
U_ORG_XM_LYZDYQ,洛阳正大一期,土建,自施,77097.98
U_ORG_XM_LZSOHOJD,北京丽泽soho机电,土建,自施,0
U_ORG_XM_MSKHMY,莫斯科中国贸易中心,土建,自施,7716408.33
U_ORG_XM_MTGBL,北京门头沟保利首开自住房,土建,自施,-35441.69
U_ORG_XM_MTGBLXX,北京门头沟保利小学,土建,自施,114287.4
U_ORG_XM_MYJDF,绵阳京东方第6代AMOLED柔性生产线,土建,自施,28257377.76
U_ORG_XM_MYWSCLC,绵阳永兴污水处理厂扩建,土建,自施,4362432.14
U_ORG_XM_MYZXXZ,绵阳市中心血站迁建,土建,自施,5424244.49
U_ORG_XM_MYZZ,北京密云项目住宅,土建,自施,-31974857.79
U_ORG_XM_NCGXWDZ,南昌高新微电子科技园,土建,自施,9526285.22
U_ORG_XM_NCJKQJD,南昌经开区LED电子信息孵化示范基地机电,土建,自施,0
U_ORG_XM_NCSSMZXJD,南昌市市民中心建设工程机电,土建,自施,0
U_ORG_XM_NGZCXQ,北京石景山区南宫住宅小区,土建,自施,-8444239.76
U_ORG_XM_NJHSXFDJC,南京华夏幸福大校场项目G地块,土建,自施,130625286
U_ORG_XM_NJHXC,南京海峡城E地块住宅,土建,自施,656308.2
U_ORG_XM_NJKGZNGGW,南京空港智能骨干网,土建,自施,10936835.68
U_ORG_XM_NJTJD,南京台积电12吋晶圆厂与设计服务中心一期,土建,自施,1065976.24
U_ORG_XM_NJTS,南京腾讯华东云计算基地,土建,自施,33239692.97
U_ORG_XM_NJYZJG29DK,南京燕子矶G29B地块,土建,自施,71750179.13
U_ORG_XM_NJZGJCDLJD,南京紫光集成电路基地,土建,自施,-420560.06
U_ORG_XM_NTALYJS,南通阿里云计算数据中心,土建,自施,35396928.61
U_ORG_XM_NTJH,南通江海阿里云计算数据中心,土建,自施,245436384.2
U_ORG_XM_NTJSY,南通金属园阿里云计算数据中心,土建,自施,248407667.6
U_ORG_XM_NTRCGSD1,通锡高速公路海门至通州段TXGS-LJ3项目部第1分部,土建,自施,83111103.93
U_ORG_XM_NTRCGSD2,通锡高速公路海门至通州段TXGS-LJ3项目部第2分部,土建,自施,72152450.6
U_ORG_XM_NTRCGSD3,通锡高速公路海门至通州段TXGS-LJ3项目部第3分部,土建,自施,52880280.32
U_ORG_XM_NTRCGSZHB,通锡高速公路海门至通州段TXGS-LJ3,土建,自施,65592489.9
U_ORG_XM_PAGJJRZX,深圳平安国际金融中心（局集团）,土建,自施,-490373.63
U_ORG_XM_PAJRZXNT,深圳平安金融中心南塔,土建,自施,-427089.72
U_ORG_XM_PJZW,盘锦忠旺铝业一期一标段A区,土建,自施,5562263.23
U_ORG_XM_QBJWTZX,成都青白江区文化体育中心,土建,自施,917528.6
U_ORG_XM_QBJZHDD,成都青白江区智慧大道,土建,自施,5202706.31
U_ORG_XM_QDHFSJ,青岛华发四季,土建,自施,71395615.04
U_ORG_XM_QDHNJD,青岛华能信息产业基地机电,土建,自施,0
U_ORG_XM_QDTKZJ,青岛泰康之家养老,土建,自施,48834822.01
U_ORG_XM_QDWKFCZJ,青岛万科翡翠长江,土建,自施,29219336.66
U_ORG_XM_QDYGYH,青岛阳光·壹号,土建,自施,59404605.97
U_ORG_XM_QHBT,北京清华大学北体育馆,土建,自施,54347107.98
U_ORG_XM_QHDLDBDT,秦皇岛礼鼎高端集成电路封装载板智能制造基地,土建,自施,115980097.3
U_ORG_XM_QHSSM,北京清华大学苏世民书院,土建,自施,0
U_ORG_XM_QZSABDT,泉州三安半导体研发与产业化,土建,自施,23420637.14
U_ORG_XM_RHALYEQ,杭州仁和阿里云计算数据中心二期,土建,自施,98780855.81
U_ORG_XM_RHYY,北京市仁和医院二期,土建,自施,233317.26
U_ORG_XM_RJZX,北京如家北纬路店装修,土建,自施,526100.12
U_ORG_XM_SCGAFY,四川广安富盈洋房及商业,土建,自施,10455433.53
U_ORG_XM_SCGAJDGZ,四川广安富盈酒店机电改造,土建,自施,0
U_ORG_XM_SCGCCYY,四川国际创新设计产业园A地块,土建,自施,193220438.3
U_ORG_XM_SCTKXNYY,四川泰康西南医院,土建,自施,315516252.9
U_ORG_XM_SDBZZYY,山东滨州中医医院新院,土建,自施,47480170.8
U_ORG_XM_SDJCGZ,北京首都机场2号航站楼改造,土建,自施,2182552.02
U_ORG_XM_SDRCGEJD,山东荣成歌尔电子4#厂房、2#动力中心机电,土建,自施,0
U_ORG_XM_SDYKDKYL,北京首都医科大学临床科研楼改造,土建,自施,-20813.57
U_ORG_XM_SHGBSH,上海古北SOHO机电工程,土建,自施,0
U_ORG_XM_SHGH,上海国浩长风城二期东地块综合体,土建,自施,0
U_ORG_XM_SHGKBDT,上海格科半导体,土建,自施,308739740.2
U_ORG_XM_SHPDAZF1101,上海浦东新区安置房11-01地块,土建,自施,95747524.35
U_ORG_XM_SHPDEQ,上海浦东新区安置房二期,土建,自施,1973666.67
U_ORG_XM_SHTKSYGZ,上海泰康申园一期改造,土建,自施,570932.77
U_ORG_XM_SHTXGKJCF,上海腾讯改扩建厂房,土建,自施,2662393.98
U_ORG_XM_SHTY,上海天岳碳化硅半导体材料,土建,自施,63922382.8
U_ORG_XM_SHWDNZJD,上海万科南站商务城三期机电,土建,自施,0
U_ORG_XM_SHWKXMJD,上海万科莘闵综合机电,土建,自施,0
U_ORG_XM_SHXYDJD,上海商汤科技新一代人工智能计算和赋能平台机电,土建,自施,0
U_ORG_XM_SJZXJD,北京数据港1号数据中心机电,土建,自施,0
U_ORG_XM_SKWKZX,北京首开万科中心,土建,自施,13666129.63
U_ORG_XM_SMDLGZ,北京生命科学实验室改造,土建,自施,835304.21
U_ORG_XM_SMKYDL,北京生命科学科研大楼,土建,自施,16833590.76
U_ORG_XM_SRHXLIVEXJYQ,上饶华熙Live·信江一期,土建,自施,-684943.4
U_ORG_XM_SXDTZDYQ,山西大同正大一期,土建,自施,37959963.48
U_ORG_XM_SXQQJD,绍兴钱清B地块商业机电,土建,自施,0
U_ORG_XM_SXWNZDYQ,陕西渭南澄城正大一期,土建,自施,1899792.28
U_ORG_XM_SYFDSJC,沈阳方大·世纪城 01-C 医养项目三标段,土建,自施,75078791.32
U_ORG_XM_SYHTWWLJD,三亚海棠湾国际购物中心物流基地,土建,自施,3177515.97
U_ORG_XM_SYHXD,三亚海棠湾河心岛,土建,自施,5073016.43
U_ORG_XM_SYJLDK,沈阳市沈河区金廊22-1地块,土建,自施,238088762.4
U_ORG_XM_SYJLSY,沈阳嘉里A2地块商业,土建,自施,450324.61
U_ORG_XM_SYJLZX,沈阳嘉里中心T1及T4楼,土建,自施,429554.2
U_ORG_XM_SYJLZXBDK,沈阳嘉里中心B地块3a1、3a2期,土建,自施,227983598.9
U_ORG_XM_SYJLZXJD,沈阳嘉里中心居住商业（C地块）机电工程,土建,自施,0
U_ORG_XM_SYJLZXJDJJT,沈阳嘉里中心居住商业（C地块）机电工程（局集团）,土建,自施,0
U_ORG_XM_SYJLZXT,沈阳嘉里中心A2地块T2办公楼总承包工程,土建,自施,11434965.02
U_ORG_XM_SYJYJD,三亚海棠湾君悦酒店,土建,自施,1390480.47
U_ORG_XM_SYLCQYCSQ,沈阳绿城全运村四期,土建,自施,8008904.36
U_ORG_XM_SYSKRY,沈阳首开如院,土建,自施,52794347.69
U_ORG_XM_SYSNYG,沈阳苏宁电子商务运营中心(一期),土建,自施,102695665.6
U_ORG_XM_SYTK,沈阳泰康之家沈园,土建,自施,28859913.89
U_ORG_XM_SYXCD13JQ,北京顺义新城第13街区居住区,土建,自施,90028741.55
U_ORG_XM_SYXSWSQ,沈阳华润橡树湾4期,土建,自施,12664.09
U_ORG_XM_SYZHHPZM,沈阳中海和平之门5.1期,土建,自施,2295651.11
U_ORG_XM_SYZHSYEQ,沈阳中海商业二期,土建,自施,0
U_ORG_XM_SYZJCLY,沈阳中集车辆园,土建,自施,0
U_ORG_XM_SZDSDS,深圳达实大厦改扩建,土建,自施,18455794.03
U_ORG_XM_SZDXXLXQ,深圳大学西丽校区,土建,自施,75404290.03
U_ORG_XM_SZGJYSBLJYZB,深圳至正大厦,土建,自施,45076931.1
U_ORG_XM_SZGMQJRJ,深圳光明区金融街,土建,自施,81549295.91
U_ORG_XM_SZHXDZQZ,深圳华星光电第11代大宗气体站,土建,自施,2817136.13
U_ORG_XM_SZJCBZZ,深圳机场调蓄池泵闸站,土建,自施,94439216.47
U_ORG_XM_SZJCKFQ,深圳机场开发区西区,土建,自施,20384438.77
U_ORG_XM_SZJLSWZX,深圳嘉里商务中心,土建,自施,112152850.1
U_ORG_XM_SZJLSWZXYQ,深圳嘉里商务中心（一期）,土建,自施,8818631.77
U_ORG_XM_SZJSDX,深圳技术大学建设项目（一期）,土建,自施,8890216.28
U_ORG_XM_SZLDBDT,深圳礼鼎高端集成电路载板及先进封装基地,土建,自施,431372884.3
U_ORG_XM_SZLHTJWQJD,苏州龙湖天街五期机电总包,土建,自施,0
U_ORG_XM_SZLXCXY,深圳联想创新科技园综合机电,土建,自施,0
U_ORG_XM_SZNSZD,深圳南山中国电子科技园,土建,自施,104308547.9
U_ORG_XM_SZPACXDS,深圳平安财险大厦,土建,自施,11274861.56
U_ORG_XM_SZPAGJJRZX,深圳平安国际金融中心,土建,自施,37106605.48
U_ORG_XM_SZPDSDDSJD,深圳鹏鼎时代大厦机电,土建,自施,0
U_ORG_XM_SZQHJLSQ,深圳嘉里商务中心(三期),土建,自施,85875353.06
U_ORG_XM_SZQHSDYXZ,深圳前海十单元3小镇,土建,自施,20998572.91
U_ORG_XM_SZQWXXSNZX,深圳前湾信息枢纽中心,土建,自施,116440838.7
U_ORG_XM_SZRYJD,深圳柔宇国际柔性显示产业园机电,土建,自施,0
U_ORG_XM_SZSCSWDS,深圳首创商务大厦,土建,自施,14380136.02
U_ORG_XM_SZSCZX,深圳市创新创业无障碍服务中心,土建,自施,31276548.63
U_ORG_XM_SZSMYF,深圳水木一方大厦,土建,自施,871095.53
U_ORG_XM_SZSSGL,深圳石厦村综合管廊,土建,自施,2804072.99
U_ORG_XM_SZTK,苏州泰康之家31703地块,土建,自施,1760642.46
U_ORG_XM_SZWXGY,苏州文星公寓扩建项目（二标段）,土建,自施,168085271.1
U_ORG_XM_SZXGDX,深圳香港中文大学二期II标,土建,自施,276617083.3
U_ORG_XM_SZXL,深圳西丽高尔夫球俱乐部员工宿舍,土建,自施,0
U_ORG_XM_SZXMGJZB,深圳小米国际总部,土建,自施,19896203.77
U_ORG_XM_SZYBXQ,深圳职业技术学院北校区,土建,自施,138257027.6
U_ORG_XM_SZYCC,深圳悦彩城,土建,自施,-2160.17
U_ORG_XM_SZYCGSHLZ,苏州虞城(姑苏)±800千伏换流站土建C包,土建,自施,105933908.7
U_ORG_XM_SZYHDSJD,深圳宇宏大厦机电,土建,自施,0
U_ORG_XM_SZYLXDXQ,深圳职业技术学院留仙洞校区,土建,自施,94781097.28
U_ORG_XM_SZYXSGYCJ,深圳职业技术学院学生公寓拆建,土建,自施,9705438.04
U_ORG_XM_TH008,北京台湖公园里008地块,土建,自施,14950083.85
U_ORG_XM_TJBNW,天津宁宇家园二期,土建,自施,0
U_ORG_XM_TJDTQHX,天津地铁7号线一期工程PPP项目土建10标段,土建,自施,88407437.67
U_ORG_XM_TJDYC,天津大悦城B地块办公楼,土建,自施,3699.22
U_ORG_XM_TJJHS,天津金海墅,土建,自施,998283.98
U_ORG_XM_TJJLZX,天津嘉里中心,土建,自施,23921097.5
U_ORG_XM_TJJRJ,天津金融街（和平）中心,土建,自施,8980364.36
U_ORG_XM_TJJRJBHRY,天津金融街滨海融御,土建,自施,209374943.6
U_ORG_XM_TJJRJDLH,天津金融街东丽湖一期及展示区,土建,自施,51886648.54
U_ORG_XM_TJJT,天津津塔项目经理部,土建,自施,0
U_ORG_XM_TJJTDS,天津金唐大厦,土建,自施,1778140.29
U_ORG_XM_TJLWL,天津中粮大道一期E地块(祥云名苑),土建,自施,2558239.83
U_ORG_XM_TJNKXX,天津海河教育园区南开学校,土建,自施,19926591.77
U_ORG_XM_TJQYC,天津全运村,土建,自施,0
U_ORG_XM_TJQYCDJXM,天津全运村代建东区小学幼儿园邻里中心,土建,自施,6572588.33
U_ORG_XM_TJSCZBZ,天津首创中北镇,土建,自施,34468406.8
U_ORG_XM_TJSYQ,天津天碱商业区14#地,土建,自施,160921.49
U_ORG_XM_TJTHC,天津天河城购物中心,土建,自施,11493622.17
U_ORG_XM_TJTYDQ,天津通用电气医疗系统生产基地,土建,自施,0
U_ORG_XM_TJTYHHYQ,天津天阅海河一期,土建,自施,-527471.01
U_ORG_XM_TJWQDK,天津武清080地块,土建,自施,112320424.3
U_ORG_XM_TJYGJDY,天津阳光晶典苑,土建,自施,2331383.11
U_ORG_XM_TJYJPJRQ,天津于家堡金融区3-16地块,土建,自施,0
U_ORG_XM_TJYYDS,天津远洋大厦二期工程,土建,自施,173.62
U_ORG_XM_TJZBZJGQ,天津中北镇居住区G区,土建,自施,14583024.23
U_ORG_XM_TJZLDDDDKJZ,天津中粮大道一期D地块精装,土建,自施,-366.16
U_ORG_XM_TJZX,天津中芯P3厂房,土建,自施,300215345.5
U_ORG_XM_TKSJYLSQ,上海泰康松江养老社区08地块,土建,自施,30403130.93
U_ORG_XM_TRDERMYYJD,铜仁第二人民医院机电,土建,自施,0
U_ORG_XM_TSXSW,唐山橡树湾,土建,自施,2539988.6
U_ORG_XM_TTTGHHY,天津天通泰观湖花园,土建,自施,2821682.34
U_ORG_XM_TTTKJY,北京天通泰中以文化数码科技园,土建,自施,71924.56
U_ORG_XM_TXBHDAJDJT,深圳腾讯滨海大厦项目机电专业分包（局集团）,土建,自施,0
U_ORG_XM_TXBHDXJD,深圳腾讯滨海大厦项目机电专业分包,土建,自施,0
U_ORG_XM_TZHXQ,北京通州核心区运河项目Ⅱ-05地块,土建,自施,0
U_ORG_XM_TZWKZX,北京天竺万科中心,土建,自施,-126132.68
U_ORG_XM_WFBSQCFJD,潍坊歌尔电子保税区9#厂房机电,土建,自施,0
U_ORG_XM_WFYLJMSQ,潍坊怡力精密四期1#2#厂房机电,土建,自施,0
U_ORG_XM_WHHXGD,武汉华星光电t3,土建,自施,16287725.86
U_ORG_XM_WHHXGDT4,武汉华星光电t4,土建,自施,25997145.82
U_ORG_XM_WHHXGDTJDAB,武汉华星光电t4机电A包,土建,自施,0
U_ORG_XM_WHJDF,武汉高世代薄膜晶体管液晶显示器件(TFT-LCD)生产线,土建,自施,23598988.19
U_ORG_XM_WHSZSSZB,芜湖三只松鼠研发运营中心,土建,自施,93107239.57
U_ORG_XM_WHTKCY,武汉泰康之家·楚园,土建,自施,7119800.37
U_ORG_XM_WHWKCYTD,北京五和万科长阳天地,土建,自施,1237636.15
U_ORG_XM_WHXX,武汉新芯OS4F装修,土建,自施,0
U_ORG_XM_WHZHTF,武汉中国特种飞行器研发中心,土建,自施,61114057.67
U_ORG_XM_WJBGLEQ,望京办公楼二期,土建,自施,9621160.98
U_ORG_XM_WJSHZX,北京望京SOHO中心,土建,自施,0
U_ORG_XM_WKCYWYCZZX,北京祥筑万科长阳文娱创作中心,土建,自施,4000123.1
U_ORG_XM_WKFCYT,北京万科翡翠云图,土建,自施,79870992.26
U_ORG_XM_WKSBSYDZX,五棵松冰上运动中心,土建,自施,11848102.16
U_ORG_XM_WKSLQGY,北京五棵松篮球公园施工,土建,自施,4102209.4
U_ORG_XM_WKSZHL,北京五棵松文化体育中心配套综合楼,土建,自施,9146950.89
U_ORG_XM_WLCBALYJS,乌兰察布阿里云计算数据中心,土建,自施,4596932.45
U_ORG_XM_WLCBKS,乌兰察布快手智能云数据中心,土建,自施,205519592.5
U_ORG_XM_WLCBYJSJD,乌兰察布阿里云计算数据中心机电设备安装工程,土建,自施,0
U_ORG_XM_WRKTDSF,深圳微软科通大厦[发展],土建,自施,0
U_ORG_XM_WRKTDX,深圳微软科通大厦,土建,自施,-7007589.08
U_ORG_XM_WTDSXD,天津万通大厦（信达二期）,土建,自施,1108200.64
U_ORG_XM_WXGLJRDS,无锡国联金融大厦,土建,自施,0
U_ORG_XM_WXHFZNZSCDKZZ,无锡华发中南装饰城地块住宅,土建,自施,46271208.67
U_ORG_XM_WXHK,无锡鸿坤理想湾,土建,自施,25682557.99
U_ORG_XM_WXHL2Z,无锡恒隆广场办公楼2座,土建,自施,16393544.09
U_ORG_XM_WXHLGC,无锡恒隆广场综合发展,土建,自施,10921722.71
U_ORG_XM_WXHLGCBGL,无锡恒隆广场办公楼2座保护工程,土建,自施,22082.75
U_ORG_XM_WXJRG,无锡河埒金融商务港,土建,自施,13102650.52
U_ORG_XM_WXOPN,无锡欧谱纳轻型燃气机制造,土建,自施,8460843.76
U_ORG_XM_WXSHCZBEDK,无锡市综合交通枢纽项目,土建,自施,9594484.01
U_ORG_XM_WXSKHLSKJ,无锡SK海力士厂房扩建,土建,自施,221483388.7
U_ORG_XM_WXSSMZX,无锡市市民中心项目工程指挥部,土建,自施,0
U_ORG_XM_WXXZBDT,无锡芯卓半导体产业化建设,土建,自施,286728140.3
U_ORG_XM_WXZGCRJYEQ,无锡中关村软件园太湖分园二期,土建,自施,9300453.04
U_ORG_XM_WXZGCZZ,无锡中关村软件园住宅,土建,自施,0
U_ORG_XM_XALXHJD,西安利星行酒店,土建,自施,29027975.77
U_ORG_XM_XARCWSZZ,容城县农村生活污水综合整治项目（EPC）一标,土建,自施,7307008.43
U_ORG_XM_XASXBDTRQUT,西安三星半导体二期UT栋,土建,自施,31642741.12
U_ORG_XM_XASXCF,西安三星半导体FAB厂房,土建,自施,14484412.98
U_ORG_XM_XAXQRDPQ,河北建投雄安·金湖未来城项目一第二标段,土建,自施,797923475.2
U_ORG_XM_XAYLAZF,西安阎良三四七区安置房,土建,自施,90849569.14
U_ORG_XM_XAYSWCYJD,西安奕斯伟硅产业基地,土建,自施,2092051.88
U_ORG_XM_XAZSSGX,雄安高铁站片区外部输水管线,土建,自施,1901284.25
U_ORG_XM_XCQ9HZCB,北京西城区金融大街9号商业办公扩建（总承包）,土建,自施,134665.22
U_ORG_XM_XDWLEQ,北京西大望路二期,土建,自施,13473599.1
U_ORG_XM_XGLSYJR,北京霞光里5号、6号商业金融,土建,自施,1052631.03
U_ORG_XM_XJCAZF,北京新机场安置房,土建,自施,3112995.69
U_ORG_XM_XJCXXZX,北京新机场信息中心,土建,自施,0
U_ORG_XM_XJK1H,北京新街口1号工程,土建,自施,180356568.3
U_ORG_XM_XMTBSCX,厦门天马显示科技有限公司第6代柔性AMOLED生产线,土建,自施,415860916.9
U_ORG_XM_XZMGZ,北京西直门南小街115号综合维修改造,土建,自施,1761833.32
U_ORG_XM_XZWKFCZGJD,徐州万科翡翠之光机电,土建,自施,0
U_ORG_XM_XZWKTSLJD,徐州万科铜山路项目A地块商业机电,土建,自施,0
U_ORG_XM_XZYLH,徐州云龙湖悦府三期,土建,自施,1486925.15
U_ORG_XM_YCXJTJ,运城新建铜基新材料基地,土建,自施,66424309.94
U_ORG_XM_YDDSGZ,北京盈都大厦D座室内外装修改造,土建,自施,17253315.22
U_ORG_XM_YFKYL,永丰Ⅱ-11地块科研办公楼,土建,自施,1870595.22
U_ORG_XM_YJSGZ,北京电信亦庄云计算改造,土建,自施,-366505.61
U_ORG_XM_YTABND,烟台爱博诺德医用材料生产,土建,自施,62217821.21
U_ORG_XM_YTBDT,烟台智路联测半导体,土建,自施,2038548.43
U_ORG_XM_YXHE2DK,北京怀柔区雁栖湖柏崖厂村E2地块,土建,自施,90088345.85
U_ORG_XM_YYZXGZSQ,北京国家游泳中心改造三期,土建,自施,14461702.18
U_ORG_XM_YZYJSZX,北京亦庄云计算中心,土建,自施,0
U_ORG_XM_Z13SYJR,北京CBD核心区Z13地块商业金融,土建,自施,129641382.9
U_ORG_XM_ZBALBBFDJD,张北阿里巴巴数据中心F栋机电,土建,自施,0
U_ORG_XM_ZBALBBSJZXJD,张北阿里巴巴数据中心机电,土建,自施,0
U_ORG_XM_ZBALBBSJZXJDXET,张北阿里巴巴数据中心机电小二台,土建,自施,0
U_ORG_XM_ZBSJZX,张北数据中心2A3总承包工程,土建,自施,9611869.6
U_ORG_XM_ZGRNJCYGZ,北京最高人民检察院西区改造,土建,自施,-278373.21
U_ORG_XM_ZGZKT,北京Z15中国尊高区空调,土建,自施,0
U_ORG_XM_ZHCSXW,珠海醋酸纤维有限公司搬迁扩建,土建,自施,0
U_ORG_XM_ZHGCSQ,中海广场项目三期K地块,土建,自施,0
U_ORG_XM_ZHHFGC,珠海华发广场,土建,自施,64021983.49
U_ORG_XM_ZHJFBG,北京总后京丰宾馆老客房楼改造,土建,自施,18158.06
U_ORG_XM_ZHZLSZ,珠海臻林山庄,土建,自施,16794848.43
U_ORG_XM_ZHZWKCZX,珠海正威科创中心,土建,自施,141922564.8
U_ORG_XM_ZJHFXCHY,湛江华发新城花园,土建,自施,47570872.58
U_ORG_XM_ZJKQSMZ,张家口下花园浅山名筑住宅小区,土建,自施,59265354.34
U_ORG_XM_ZJKTXHL,张家口腾讯怀来瑞北云数据中心,土建,自施,36668570.45
U_ORG_XM_ZLDDDDK,天津中粮大道一期D地块,土建,自施,7263869.48
U_ORG_XM_ZLKJY,中粮科技园标准厂房,土建,自施,1878860.59
U_ORG_XM_ZLKJYEQ,北京中粮科技园标准厂房二期,土建,自施,23613030.95
U_ORG_XM_ZQTXYJS,重庆腾讯云计算中心,土建,自施,0
U_ORG_XM_ZSJMDK,北京招商嘉铭10地块商业办公,土建,自施,0
U_ORG_XM_ZSYH,中山宇宏健康花城二期四段,土建,自施,6378402.89
U_ORG_XM_ZZCNSQ,郑州智能骨干网航空港区三期,土建,自施,293595715.4
U_ORG_XM_ZZHK,郑州海康威视科技园,土建,自施,23555648.51
U_ORG_XM_ZZJYJD,郑州市建业拾捌壹期机电,土建,自施,0
U_ORG_XM_ZZJYZX,郑州建业中心,土建,自施,111012632.4
U_ORG_XM_ZZQLY,涿州阿里云计算数据中心,土建,自施,1413569.39
U_ORG_XM_ZZWKGC,北京住总·万科广场,土建,自施,4268920.9
